,Case_no,checking_status,credit_history,purpose,credit_amount,saving_status,personal_status,age,job,class
0,1,1,1,6,1169,4,3,67,1,1
1,2,0,3,6,5951,2,0,22,1,0
2,3,3,1,2,2096,2,3,49,3,1
3,4,1,3,3,7882,2,3,45,1,1
4,5,1,2,4,4870,2,3,53,1,0
5,6,3,3,2,9055,4,3,35,3,1
6,7,3,3,3,2835,1,3,53,1,1
7,8,0,3,9,6948,2,3,35,0,1
8,9,3,3,6,3059,3,1,61,3,1
9,10,0,1,4,5234,2,2,28,0,0
10,11,0,3,4,1295,2,0,25,1,0
11,12,1,3,0,4308,2,0,24,1,0
12,13,0,3,6,1567,2,0,22,1,1
13,14,1,1,4,1199,2,3,60,3,0
14,15,1,3,4,1403,2,0,28,1,1
15,16,1,3,6,1282,0,0,32,3,0
16,17,3,1,6,2424,4,3,53,1,1
17,18,1,4,0,8072,4,3,25,1,1
18,19,0,3,9,12579,2,0,44,0,0
19,20,3,3,6,3430,1,3,31,1,1
20,21,3,1,4,2134,2,3,48,1,1
21,22,1,3,6,2647,1,3,44,1,1
22,23,1,1,4,2241,2,3,48,3,1
23,24,0,1,9,1804,0,3,44,1,1
24,25,3,1,3,2069,4,2,26,1,1
25,26,1,3,3,1374,2,3,36,3,1
26,27,3,4,6,426,2,2,39,3,1
27,28,2,0,6,409,3,0,42,1,1
28,29,0,3,6,2415,2,3,34,1,1
29,30,1,2,0,6836,2,3,63,1,0
30,31,0,3,0,1913,3,2,36,1,1
31,32,1,3,3,4020,2,3,27,1,1
32,33,0,3,4,5866,0,3,30,1,1
33,34,3,1,0,1264,4,3,57,3,1
34,35,2,3,3,1474,2,0,33,0,1
35,36,0,1,6,4746,2,3,25,3,0
36,37,3,1,2,6110,2,3,31,1,1
37,38,2,3,6,2100,2,3,37,1,0
38,39,2,3,1,1225,2,3,37,1,1
39,40,0,3,6,458,2,3,24,1,1
40,41,3,3,6,2333,1,3,30,0,1
41,42,0,3,6,1158,1,1,26,1,1
42,43,0,2,7,6204,2,3,44,3,1
43,44,1,1,9,6187,0,2,24,1,1
44,45,1,1,9,6143,2,0,58,3,0
45,46,3,1,4,1393,2,0,35,0,1
46,47,3,3,6,2299,1,3,39,1,1
47,48,1,3,9,1352,1,0,23,2,1
48,49,3,1,4,7228,2,3,39,3,1
49,50,3,3,6,2073,0,0,28,1,1
50,51,0,2,3,2333,4,3,29,3,1
51,52,0,2,9,5965,2,3,30,0,1
52,53,3,3,6,1262,2,3,25,1,1
53,54,3,3,9,3378,4,3,31,1,1
54,55,0,2,4,2225,2,3,57,1,0
55,56,3,0,4,783,4,3,26,3,1
56,57,0,3,6,6468,4,3,52,0,0
57,58,3,1,6,9566,2,0,31,1,1
58,59,2,3,4,1961,2,0,23,0,1
59,60,1,1,3,6229,2,0,23,3,0
60,61,0,3,0,1391,2,2,27,1,1
61,62,0,1,6,1537,4,3,50,1,1
62,63,0,4,0,1953,2,3,61,0,0
63,64,0,4,0,14421,2,3,25,1,0
64,65,3,3,6,3181,2,0,26,1,1
65,66,3,3,7,5190,4,3,48,1,1
66,67,3,3,6,2171,2,0,29,1,1
67,68,0,3,4,1007,3,2,22,1,1
68,69,3,3,2,1819,2,3,37,1,0
69,70,3,3,6,2394,4,0,25,1,1
70,71,3,3,9,8133,2,0,30,1,1
71,72,3,1,6,730,4,3,46,3,1
72,73,1,1,5,1164,2,3,51,0,1
73,74,0,1,0,5954,2,0,41,3,1
74,75,1,3,2,1977,4,3,40,0,0
75,76,1,1,9,1526,2,3,66,0,1
76,77,1,3,6,3965,2,3,34,1,0
77,78,0,2,6,4771,2,3,51,1,1
78,79,3,4,9,9436,4,3,39,3,1
79,80,0,3,3,3832,2,2,22,1,1
80,81,3,3,6,5943,4,0,44,1,0
81,82,3,3,6,1213,1,3,47,1,1
82,83,3,3,0,1568,0,0,24,3,1
83,84,1,3,5,1755,2,0,58,3,1
84,85,1,3,6,2315,2,3,52,3,1
85,86,3,1,0,1412,2,0,29,0,1
86,87,0,1,3,1295,2,0,27,1,1
87,88,0,3,2,12612,0,3,47,1,0
88,89,1,3,4,2249,0,3,30,0,1
89,90,1,4,7,1108,2,3,28,1,0
90,91,3,1,6,618,2,3,56,1,1
91,92,1,1,9,1409,2,3,54,1,1
92,93,3,1,6,797,4,0,33,3,0
93,94,2,1,3,3617,4,3,20,1,1
94,95,0,3,4,1318,3,3,54,1,1
95,96,0,4,0,15945,2,3,58,1,0
96,97,3,1,2,2012,4,0,61,1,1
97,98,0,3,0,2622,0,3,34,1,1
98,99,0,1,6,2337,2,3,36,1,1
99,100,0,2,9,7057,4,3,36,0,1
100,101,3,3,4,1469,0,2,41,3,1
101,102,0,3,6,2323,2,3,24,1,1
102,103,3,2,6,932,2,0,24,1,1
103,104,0,1,3,1919,2,3,35,1,1
104,105,3,3,9,2445,4,2,26,1,1
105,106,0,1,5,11938,2,3,39,0,0
106,107,3,0,4,6458,2,3,39,0,0
107,108,0,3,4,6078,2,3,32,1,1
108,109,1,3,3,7721,4,0,30,1,1
109,110,0,3,0,1410,1,2,35,1,1
110,111,0,2,0,1449,0,1,31,1,1
111,112,2,3,2,392,2,0,23,1,1
112,113,0,3,4,6260,2,3,28,3,1
113,114,3,1,4,7855,2,0,25,1,0
114,115,1,3,6,1680,1,2,35,1,1
115,116,3,1,6,3578,4,3,47,1,1
116,117,1,3,6,7174,4,0,30,0,0
117,118,1,1,3,2132,4,0,27,1,1
118,119,1,1,3,4281,1,0,23,1,0
119,120,0,1,4,2366,1,1,36,0,1
120,121,1,3,6,1835,2,0,25,1,0
121,122,3,1,9,3868,2,0,41,0,1
122,123,3,3,3,1768,2,3,24,3,1
123,124,2,1,4,781,2,3,63,1,1
124,125,0,3,3,1924,4,0,27,1,0
125,126,1,1,4,2121,2,3,30,1,1
126,127,1,3,6,701,2,2,40,3,1
127,128,0,3,7,639,2,3,30,1,0
128,129,0,1,9,1860,2,3,34,0,1
129,130,1,1,4,3499,2,0,29,1,0
130,131,0,3,4,8487,4,0,24,1,1
131,132,1,2,2,6887,2,3,29,1,0
132,133,3,3,3,2708,2,3,27,3,1
133,134,3,3,3,1984,2,3,47,1,1
134,135,3,3,6,10144,0,0,21,1,1
135,136,3,1,6,1240,4,0,38,1,1
136,137,3,2,9,8613,3,3,27,1,1
137,138,0,3,6,766,1,3,66,3,0
138,139,0,1,6,2728,4,3,35,1,1
139,140,2,3,6,1881,2,0,44,3,1
140,141,2,3,4,709,3,2,27,2,1
141,142,0,3,6,4795,2,0,30,0,1
142,143,1,3,6,3416,2,3,27,0,1
143,144,1,3,3,2462,2,3,22,1,0
144,145,3,1,3,2288,2,0,23,1,1
145,146,0,0,0,3566,0,3,30,1,1
146,147,1,1,4,860,2,0,39,1,1
147,148,3,1,4,682,0,0,51,1,1
148,149,1,1,3,5371,2,3,28,1,1
149,150,3,1,6,1582,3,3,46,1,1
150,151,3,3,6,1346,0,3,42,1,1
151,152,3,3,6,1924,2,3,38,1,1
152,153,2,3,6,5848,2,3,24,1,1
153,154,0,1,9,7758,3,0,29,1,1
154,155,0,2,0,6967,0,3,36,0,1
155,156,1,3,3,1282,2,0,20,1,0
156,157,1,1,7,1288,0,3,48,1,1
157,158,1,0,8,339,2,2,45,3,1
158,159,0,3,4,3512,0,3,38,1,1
159,160,3,1,6,1898,4,3,34,3,1
160,161,3,1,6,2872,0,3,36,1,1
161,162,3,1,4,1055,2,0,30,1,1
162,163,3,3,1,1262,1,3,36,1,1
163,164,0,3,4,7308,2,3,70,0,1
164,165,3,3,4,909,1,3,36,1,1
165,166,3,3,3,2978,1,3,32,1,1
166,167,1,3,3,1131,2,0,33,1,0
167,168,0,3,3,1577,3,0,20,1,1
168,169,3,3,3,3972,2,0,25,1,1
169,170,0,1,0,1935,2,1,31,1,0
170,171,1,4,4,950,2,3,33,1,0
171,172,3,3,3,763,2,0,26,1,1
172,173,0,2,3,2064,2,0,34,0,0
173,174,0,3,6,1414,2,3,33,1,1
174,175,1,2,2,3414,2,3,26,1,0
175,176,3,0,9,7485,4,0,53,0,0
176,177,1,3,3,2577,2,1,42,1,1
177,178,1,1,6,338,1,3,52,1,1
178,179,3,3,6,1963,2,3,31,0,1
179,180,1,1,4,571,2,3,65,1,1
180,181,3,2,0,9572,2,1,28,1,0
181,182,0,2,0,4455,2,1,30,0,0
182,183,1,0,4,1647,4,3,40,3,0
183,184,3,1,3,3777,3,3,50,1,1
184,185,0,1,4,884,2,3,36,1,0
185,186,3,1,6,1360,2,3,31,1,1
186,187,0,0,9,5129,2,0,74,0,0
187,188,0,1,4,1175,2,3,68,2,1
188,189,1,3,6,674,0,2,20,1,0
189,190,0,4,3,3244,2,0,33,1,1
190,191,3,3,0,4591,3,3,54,0,0
191,192,0,4,0,3844,0,3,34,3,0
192,193,0,3,0,3915,2,3,36,1,0
193,194,3,3,6,2108,2,2,29,1,1
194,195,0,3,6,3031,0,3,21,1,0
195,196,0,1,2,1501,2,0,34,0,0
196,197,3,1,6,1382,2,0,28,1,1
197,198,0,3,3,951,0,0,27,1,0
198,199,0,3,9,2760,4,3,36,1,1
199,200,0,2,3,4297,2,1,40,0,0
200,201,3,1,2,936,1,3,52,1,1
201,202,1,3,4,1168,2,2,27,3,1
202,203,3,2,0,5117,2,3,26,1,1
203,204,1,3,8,902,2,2,21,1,0
204,205,3,1,4,1495,2,3,38,3,1
205,206,1,1,9,10623,2,3,38,0,1
206,207,3,1,3,1935,2,3,43,1,1
207,208,0,1,1,1424,2,3,26,1,1
208,209,1,3,0,6568,2,2,21,3,1
209,210,3,3,9,1413,3,3,55,1,1
210,211,3,1,6,3074,4,3,33,1,1
211,212,3,3,6,3835,4,0,45,3,1
212,213,1,4,0,5293,2,3,50,1,0
213,214,2,2,0,1908,2,3,66,0,0
214,215,3,1,6,3342,4,3,51,1,1
215,216,0,1,8,932,4,0,39,3,1
216,217,1,4,0,3104,2,3,31,1,1
217,218,2,3,6,3913,2,3,23,1,1
218,219,1,3,3,3021,2,1,24,3,1
219,220,3,3,4,1364,2,0,64,1,1
220,221,0,3,6,625,2,2,26,3,1
221,222,1,3,2,1200,4,0,23,1,1
222,223,3,3,6,707,2,3,30,1,1
223,224,3,2,0,2978,4,3,32,1,1
224,225,3,3,9,4657,2,3,30,1,1
225,226,3,4,7,2613,2,3,27,1,1
226,227,0,3,6,10961,3,3,27,1,0
227,228,1,3,3,7865,2,3,53,0,0
228,229,3,3,6,1478,2,3,22,1,0
229,230,1,3,3,3149,2,3,22,1,1
230,231,2,3,6,4210,2,3,26,1,0
231,232,3,3,4,2507,1,3,51,3,1
232,233,3,3,6,2141,0,3,35,1,1
233,234,0,3,6,866,2,2,25,3,1
234,235,3,1,6,1544,2,3,42,3,1
235,236,1,3,6,1823,2,3,30,0,0
236,237,0,3,4,14555,4,3,23,2,0
237,238,0,3,0,2767,0,1,61,3,0
238,239,3,1,6,1291,2,0,35,1,1
239,240,1,3,6,2522,2,3,39,1,1
240,241,1,3,4,915,4,0,29,1,0
241,242,3,3,6,1595,2,3,51,1,1
242,243,1,4,9,4605,2,3,24,1,0
243,244,3,1,0,1185,2,0,27,1,1
244,245,3,0,8,3447,1,0,35,3,1
245,246,3,3,0,1258,2,3,25,1,1
246,247,3,1,6,717,2,3,52,1,1
247,248,3,4,4,1204,0,3,35,1,1
248,249,2,3,3,1925,2,3,26,1,1
249,250,3,3,6,433,2,0,22,1,0
250,251,1,1,4,666,3,0,39,3,1
251,252,2,3,3,2251,2,0,46,3,1
252,253,0,3,4,2150,2,0,24,1,0
253,254,3,2,3,4151,0,3,35,1,1
254,255,0,3,3,2030,4,3,24,1,1
255,256,0,2,6,7418,4,3,27,3,1
256,257,3,1,6,2684,2,3,35,3,1
257,258,1,0,6,2149,2,1,29,1,0
258,259,3,3,9,3812,0,0,23,1,1
259,260,3,1,6,1154,0,0,57,3,1
260,261,1,3,3,1657,2,3,27,1,1
261,262,1,3,6,1603,2,0,55,1,1
262,263,1,1,4,5302,2,3,36,0,1
263,264,3,1,2,2748,2,0,57,3,1
264,265,3,1,4,1231,2,3,32,3,1
265,266,0,3,6,802,2,3,37,1,0
266,267,3,1,0,6304,4,3,36,1,1
267,268,3,3,6,1533,2,0,38,1,1
268,269,1,3,4,8978,2,1,45,0,0
269,270,3,3,6,999,4,3,25,1,1
270,271,3,3,4,2662,4,3,32,1,1
271,272,3,1,3,1402,1,0,37,1,1
272,273,0,0,4,12169,4,3,36,0,1
273,274,0,3,6,3060,2,3,28,1,0
274,275,1,3,7,11998,2,1,34,3,0
275,276,3,3,6,2697,2,3,32,1,1
276,277,3,1,6,2404,2,0,26,1,1
277,278,1,3,3,1262,4,1,49,3,1
278,279,3,3,3,4611,2,0,32,1,0
279,280,3,3,6,1901,0,3,29,0,1
280,281,3,1,9,3368,3,3,23,1,1
281,282,3,3,3,1574,2,3,50,1,1
282,283,2,0,6,1445,4,3,49,3,1
283,284,3,1,3,1520,4,3,63,1,1
284,285,0,1,4,3878,0,1,37,1,1
285,286,1,3,4,10722,2,0,35,3,1
286,287,1,3,9,4788,2,3,26,1,1
287,288,0,2,5,7582,0,3,31,0,1
288,289,0,3,6,1092,2,0,49,1,1
289,290,1,2,6,1024,2,2,48,1,0
290,291,3,3,0,1076,2,2,26,1,1
291,292,0,3,9,9398,2,2,28,0,0
292,293,1,1,9,6419,2,0,44,0,1
293,294,2,1,9,4796,2,3,56,1,1
294,295,3,1,0,7629,4,1,46,0,1
295,296,0,3,3,9960,2,0,26,1,0
296,297,3,3,9,4675,4,0,20,1,1
297,298,3,3,4,1287,4,3,45,3,1
298,299,3,3,3,2515,2,3,43,1,1
299,300,0,1,3,2745,3,3,32,1,1
300,301,3,3,4,672,2,0,54,2,1
301,302,0,4,6,3804,2,0,42,1,0
302,303,2,1,4,1344,4,3,37,3,0
303,304,1,1,4,1038,2,3,49,1,1
304,305,3,1,4,10127,1,3,44,1,0
305,306,3,3,3,1543,3,1,33,1,1
306,307,3,3,9,4811,4,0,24,3,1
307,308,1,3,6,727,0,2,33,3,0
308,309,0,3,3,1237,2,0,24,1,0
309,310,0,3,4,276,2,2,22,3,1
310,311,0,3,5,5381,4,3,40,2,1
311,312,3,3,3,5511,0,3,25,1,1
312,313,2,3,3,3749,2,0,26,1,1
313,314,0,3,4,685,2,2,25,3,0
314,315,2,3,4,1494,4,3,29,3,1
315,316,1,0,3,2746,2,3,31,1,0
316,317,1,3,3,708,2,3,38,3,1
317,318,0,3,3,4351,4,0,48,3,1
318,319,3,1,2,701,2,3,32,1,1
319,320,1,2,3,3643,2,0,27,3,1
320,321,0,1,4,4249,2,2,28,0,0
321,322,1,3,6,1938,2,1,32,1,0
322,323,1,3,9,2910,2,3,34,0,1
323,324,1,3,3,2659,3,3,28,1,1
324,325,3,1,4,1028,2,0,36,1,1
325,326,1,1,4,3398,2,3,39,3,1
326,327,3,1,3,5801,4,3,49,1,1
327,328,3,3,4,1525,3,0,34,1,1
328,329,2,3,6,4473,2,3,31,1,1
329,330,0,3,6,1068,2,3,28,1,1
330,331,1,1,9,6615,2,3,75,0,1
331,332,3,1,2,1864,0,0,30,1,0
332,333,0,3,4,7408,0,0,24,0,0
333,334,3,1,9,11590,0,0,24,3,0
334,335,1,4,3,4110,2,3,23,1,0
335,336,1,1,3,3384,2,1,44,0,0
336,337,0,3,6,2101,2,0,23,3,1
337,338,1,3,1,1275,4,0,24,1,0
338,339,1,3,3,4169,2,3,28,1,1
339,340,0,3,3,1521,2,1,31,3,1
340,341,0,1,2,5743,2,0,24,1,1
341,342,1,3,3,3599,2,0,26,3,1
342,343,0,3,6,3213,1,2,25,1,1
343,344,0,3,0,4439,2,3,33,0,1
344,345,2,3,4,3949,2,3,37,3,1
345,346,3,1,6,1459,2,0,43,3,1
346,347,0,1,6,882,2,3,23,1,1
347,348,0,3,6,3758,1,0,23,2,1
348,349,3,2,0,1743,0,3,34,3,1
349,350,0,1,2,1136,3,3,32,1,0
350,351,3,3,1,1236,2,0,23,1,1
351,352,0,3,3,959,2,0,29,1,0
352,353,3,1,9,3229,4,3,38,0,1
353,354,1,4,6,6199,2,3,28,1,0
354,355,3,3,2,727,1,3,46,1,1
355,356,0,3,4,1246,2,3,23,3,0
356,357,3,1,6,2331,4,3,49,1,1
357,358,3,2,6,4463,2,3,26,0,0
358,359,3,3,6,776,2,2,28,1,1
359,360,1,3,3,2406,2,0,23,1,0
360,361,0,3,2,1239,4,3,61,1,1
361,362,2,3,6,3399,4,3,37,0,1
362,363,2,2,4,2247,2,0,36,1,1
363,364,3,3,3,1766,2,2,21,1,1
364,365,1,3,3,2473,2,3,25,2,0
365,366,3,3,0,1542,2,3,36,1,1
366,367,3,1,9,3850,2,3,27,1,1
367,368,1,3,3,3650,2,0,22,1,1
368,369,1,3,3,3446,2,3,42,1,0
369,370,0,3,3,3001,2,0,40,1,1
370,371,3,3,4,3079,4,3,36,1,1
371,372,3,1,6,6070,2,3,33,1,1
372,373,3,1,3,2146,2,0,23,1,1
373,374,3,1,4,13756,4,3,63,0,1
374,375,0,0,5,14782,0,0,60,0,0
375,376,1,0,0,7685,2,0,37,1,0
376,377,3,2,6,2320,2,2,34,1,1
377,378,3,2,6,846,4,3,36,1,1
378,379,0,3,4,14318,2,3,57,0,0
379,380,3,1,4,362,0,0,52,3,1
380,381,1,3,3,2212,4,3,39,1,1
381,382,0,3,9,12976,2,0,38,0,0
382,383,3,3,4,1283,4,0,25,1,1
383,384,2,3,4,1330,2,3,26,1,1
384,385,3,2,0,4272,0,3,26,3,1
385,386,3,1,6,2238,2,0,25,1,1
386,387,3,3,6,1126,4,0,21,1,1
387,388,0,1,3,7374,2,3,40,0,1
388,389,0,1,0,2326,1,3,27,1,1
389,390,3,3,0,1449,2,0,27,1,1
390,391,3,3,4,1820,2,2,30,0,1
391,392,0,3,3,983,3,0,19,3,1
392,393,1,3,4,3249,2,3,39,0,1
393,394,1,1,6,19570,2,0,31,1,1
394,395,3,1,3,2406,2,3,31,0,1
395,396,0,2,2,11760,0,3,32,1,1
396,397,1,3,3,2578,2,0,55,0,1
397,398,1,1,3,2348,2,2,46,1,1
398,399,0,3,4,1223,2,1,46,1,0
399,400,3,1,6,1516,3,0,43,3,1
400,401,3,3,6,1473,2,2,39,1,1
401,402,0,1,0,1887,4,2,28,1,1
402,403,3,2,0,8648,2,3,27,1,0
403,404,3,2,4,802,2,3,27,3,1
404,405,0,2,4,2899,4,3,43,1,1
405,406,0,3,6,2039,2,2,22,1,0
406,407,3,1,9,2197,4,3,43,1,1
407,408,1,3,6,1053,2,2,27,1,1
408,409,3,3,6,3235,1,1,26,0,1
409,410,2,1,4,939,1,2,28,1,0
410,411,0,3,6,1967,2,0,20,1,1
411,412,3,1,9,7253,2,3,35,0,1
412,413,3,1,0,2292,2,3,42,0,0
413,414,3,3,4,1597,1,3,40,3,1
414,415,1,3,4,1381,4,0,35,1,0
415,416,3,1,9,5842,2,3,35,1,1
416,417,1,3,4,2579,2,3,33,3,0
417,418,1,2,2,8471,4,0,23,1,1
418,419,3,3,4,2782,1,0,31,0,1
419,420,0,3,4,1042,4,0,33,1,0
420,421,3,3,4,3186,3,0,20,1,1
421,422,0,3,9,2028,4,3,30,1,1
422,423,0,1,4,958,2,3,47,3,1
423,424,3,2,3,1591,0,3,34,0,1
424,425,0,3,3,2762,4,0,25,1,0
425,426,0,3,9,2779,2,2,21,1,1
426,427,3,1,6,2743,2,3,29,1,1
427,428,3,1,6,1149,3,3,46,1,1
428,429,3,3,3,1313,2,3,20,1,1
429,430,1,1,7,1190,2,0,55,2,0
430,431,3,3,0,3448,2,3,74,3,1
431,432,0,3,5,11328,2,3,29,0,0
432,433,1,1,3,1872,2,3,36,0,1
433,434,3,1,7,2058,2,1,33,1,1
434,435,1,3,3,2136,2,3,25,1,1
435,436,0,3,6,1484,4,2,25,1,0
436,437,3,3,7,660,1,2,23,3,1
437,438,3,1,4,1287,3,0,37,1,1
438,439,1,1,7,3394,2,3,65,2,1
439,440,2,0,0,609,2,0,26,2,0
440,441,3,3,4,1884,2,3,39,0,1
441,442,1,3,3,1620,2,0,30,1,1
442,443,0,2,5,2629,2,3,29,1,1
443,444,3,3,2,719,2,3,41,3,0
444,445,0,1,3,5096,2,0,30,0,0
445,446,3,1,2,1244,4,0,41,3,1
446,447,1,3,4,1842,2,0,34,1,0
447,448,0,3,6,2576,2,3,35,1,1
448,449,2,3,3,1424,4,0,55,0,1
449,450,0,2,7,1512,3,2,61,1,0
450,451,3,1,9,11054,4,3,30,0,1
451,452,3,3,6,518,2,0,29,1,1
452,453,3,4,3,2759,2,3,34,1,1
453,454,3,3,9,2670,2,3,35,0,1
454,455,1,3,4,4817,2,3,31,1,0
455,456,3,3,9,2679,2,0,29,0,1
456,457,1,1,4,3905,2,3,36,1,1
457,458,1,3,9,3386,2,3,35,1,0
458,459,1,3,1,343,2,0,27,1,1
459,460,3,3,6,4594,2,3,32,1,1
460,461,1,3,3,3620,2,3,37,1,1
461,462,1,3,4,1721,2,3,36,1,1
462,463,0,3,3,3017,2,0,34,0,1
463,464,0,3,8,754,4,3,38,1,1
464,465,3,3,0,1950,2,3,34,1,1
465,466,1,3,9,2924,2,3,63,1,1
466,467,1,2,6,1659,2,0,29,3,0
467,468,3,2,6,7238,4,3,32,1,1
468,469,3,2,0,2764,2,0,26,1,1
469,470,3,2,9,4679,2,3,35,3,1
470,471,0,3,6,3092,0,2,22,1,0
471,472,1,3,2,448,2,0,23,1,0
472,473,1,3,4,654,2,3,28,3,0
473,474,3,3,8,1238,4,3,36,0,1
474,475,0,1,6,1245,2,2,33,1,0
475,476,1,4,3,3114,2,0,26,1,0
476,477,3,3,9,2569,1,3,19,1,1
477,478,2,3,6,5152,2,3,25,1,1
478,479,0,3,0,1037,0,3,39,3,1
479,480,1,1,3,1478,2,3,44,1,1
480,481,0,1,6,3573,2,0,23,3,1
481,482,0,3,4,1201,2,3,26,1,1
482,483,1,3,3,3622,3,0,57,1,1
483,484,3,2,3,960,3,0,30,1,1
484,485,3,1,4,1163,1,3,44,1,1
485,486,0,2,4,1209,2,3,47,0,0
486,487,3,3,6,3077,2,3,52,1,1
487,488,3,3,4,3757,2,0,62,1,1
488,489,3,3,4,1418,0,3,35,3,1
489,490,3,3,4,3518,2,3,26,1,1
490,491,3,1,6,1934,2,3,26,1,1
491,492,0,4,0,8318,2,0,42,0,0
492,493,3,1,6,1237,0,0,27,1,1
493,494,0,3,6,368,4,3,38,1,1
494,495,1,1,4,2122,2,3,39,3,1
495,496,1,3,3,2996,4,2,20,1,0
496,497,0,3,3,9034,0,3,29,0,0
497,498,3,1,3,1585,2,3,40,1,1
498,499,0,3,6,1301,2,2,32,3,1
499,500,2,1,4,1323,0,1,28,1,1
500,501,1,3,4,3123,2,0,27,1,0
501,502,1,3,9,5493,2,3,42,1,1
502,503,2,3,6,1126,0,1,49,1,1
503,504,0,1,6,1216,0,3,38,1,0
504,505,1,3,4,1207,2,0,24,1,0
505,506,3,3,4,1309,4,3,27,3,0
506,507,2,1,9,2360,1,3,36,1,1
507,508,0,0,4,6850,0,3,34,0,0
508,509,3,3,6,1413,2,2,28,1,1
509,510,3,3,9,8588,0,3,45,0,1
510,511,1,3,4,759,2,3,26,1,0
511,512,3,3,9,4686,2,3,32,0,1
512,513,2,3,0,2687,2,3,26,1,1
513,514,0,2,6,585,2,2,20,1,1
514,515,3,3,4,2255,4,3,54,1,1
515,516,1,1,4,609,2,0,37,1,1
516,517,1,1,4,1361,2,3,40,3,1
517,518,3,1,3,7127,2,0,23,1,0
518,519,1,3,4,1203,0,3,43,1,1
519,520,3,1,6,700,4,3,36,1,1
520,521,3,1,7,5507,2,3,44,1,1
521,522,1,3,6,3190,2,0,24,1,0
522,523,1,4,3,7119,2,3,53,1,0
523,524,3,3,9,3488,0,0,23,1,1
524,525,0,3,6,1113,2,0,26,3,1
525,526,0,3,9,7966,2,3,30,1,1
526,527,3,1,2,1532,0,0,31,1,1
527,528,3,1,6,15030,2,3,42,3,1
528,529,1,3,6,2302,2,1,31,1,0
529,530,1,3,4,662,2,3,41,3,1
530,531,0,3,2,2273,2,3,32,1,1
531,532,0,3,4,2631,0,0,28,1,0
532,533,3,2,9,1503,2,2,41,1,1
533,534,3,3,6,1311,0,2,26,1,1
534,535,3,3,6,3105,4,3,25,1,1
535,536,2,1,2,2319,2,1,33,1,0
536,537,1,3,4,1374,4,0,75,0,1
537,538,0,1,3,3612,2,0,37,1,1
538,539,1,3,4,7763,2,3,42,0,0
539,540,2,3,3,3049,2,0,45,3,1
540,541,0,3,6,1534,2,2,23,1,0
541,542,3,2,4,2032,2,3,60,1,1
542,543,1,3,3,6350,4,3,31,1,0
543,544,2,3,3,2864,2,3,34,3,0
544,545,3,1,4,1255,2,3,61,3,1
545,546,1,2,4,1333,2,3,43,1,0
546,547,3,1,4,2022,2,0,37,1,1
547,548,3,3,6,1552,2,3,32,1,1
548,549,1,0,6,626,2,0,24,3,0
549,550,3,1,9,8858,4,3,35,1,1
550,551,3,1,7,996,4,0,23,1,1
551,552,3,0,6,1750,1,3,45,3,1
552,553,1,3,6,6999,2,2,34,1,0
553,554,0,1,4,1995,0,3,27,1,1
554,555,0,3,2,1199,2,0,67,0,1
555,556,0,3,6,1331,2,3,22,1,0
556,557,0,4,4,2278,0,0,28,1,0
557,558,3,4,4,5003,4,0,29,1,0
558,559,1,0,3,3552,2,3,27,1,0
559,560,0,1,3,1928,2,3,31,3,0
560,561,1,3,9,2964,4,3,49,1,1
561,562,1,0,6,1546,2,3,24,3,0
562,563,2,2,6,683,2,0,29,1,1
563,564,0,3,4,12389,4,3,37,1,0
564,565,0,2,0,4712,4,3,37,0,1
565,566,0,2,6,1553,0,0,23,1,1
566,567,1,3,4,1372,2,1,36,1,0
567,568,3,1,6,2578,3,3,34,1,1
568,569,0,3,6,3979,4,3,41,1,1
569,570,1,3,6,6758,2,0,31,1,0
570,571,1,3,3,3234,2,0,23,3,0
571,572,3,1,6,5954,2,3,38,1,1
572,573,3,3,9,5433,4,0,26,0,1
573,574,1,3,0,806,2,0,22,3,1
574,575,0,3,6,1082,2,3,27,3,1
575,576,3,1,3,2788,2,0,24,1,1
576,577,0,3,6,2930,2,0,27,1,1
577,578,3,1,2,1927,4,0,33,1,1
578,579,0,1,4,2820,2,1,27,1,0
579,580,3,3,8,937,2,2,27,3,1
580,581,0,1,4,1056,2,3,30,1,0
581,582,0,1,4,3124,2,3,49,3,1
582,583,3,3,3,1388,2,0,26,1,1
583,584,0,3,7,2384,2,3,33,3,0
584,585,3,3,4,2133,4,0,52,0,1
585,586,1,3,3,2039,2,0,20,1,0
586,587,1,1,4,2799,2,3,36,1,1
587,588,1,3,3,1289,2,3,21,3,1
588,589,1,3,1,1217,2,2,47,3,0
589,590,1,1,3,2246,2,3,60,1,0
590,591,1,1,6,385,2,0,58,3,1
591,592,0,2,4,1965,4,0,42,1,1
592,593,3,3,0,1572,3,0,36,3,1
593,594,0,3,4,2718,2,0,20,3,0
594,595,1,0,5,1358,4,3,40,0,0
595,596,0,0,4,931,0,0,32,3,0
596,597,1,3,4,1442,2,0,23,1,0
597,598,0,4,0,4241,2,3,36,3,0
598,599,3,1,4,2775,2,3,31,1,0
599,600,3,2,0,3863,2,3,32,1,1
600,601,0,3,6,2329,2,0,45,1,1
601,602,0,3,3,918,2,0,30,1,0
602,603,0,0,2,1837,2,0,34,3,0
603,604,3,3,3,3349,2,0,28,0,0
604,605,2,3,3,1275,2,0,23,1,1
605,606,1,0,3,2828,1,3,22,1,1
606,607,3,1,0,4526,2,3,74,0,1
607,608,0,3,6,2671,0,0,50,1,0
608,609,3,3,6,2051,2,3,33,1,1
609,610,3,3,9,1300,4,3,45,1,1
610,611,1,3,1,741,0,0,22,1,0
611,612,2,3,4,1240,0,0,48,3,0
612,613,1,3,6,3357,3,0,29,1,1
613,614,1,0,9,3632,2,0,22,1,1
614,615,3,2,3,1808,2,0,22,1,0
615,616,0,4,0,12204,4,3,48,0,1
616,617,0,2,6,9157,4,3,27,0,1
617,618,1,1,4,3676,2,3,37,1,1
618,619,0,3,3,3441,0,0,21,1,0
619,620,3,3,4,640,2,1,49,3,1
620,621,0,1,0,3652,2,3,27,1,1
621,622,3,1,4,1530,2,3,32,1,0
622,623,3,3,0,3914,4,1,38,1,0
623,624,1,3,3,1858,2,0,22,1,1
624,625,1,3,6,2600,2,3,65,1,0
625,626,3,3,6,19790,4,3,35,1,1
626,627,2,3,3,2116,2,3,41,1,1
627,628,0,0,4,1437,0,3,29,1,0
628,629,3,1,3,4042,1,3,36,1,1
629,630,3,3,2,3832,4,3,64,3,1
630,631,1,3,6,3660,2,0,28,1,1
631,632,1,0,3,1553,2,3,44,1,0
632,633,0,3,6,1444,4,3,23,1,1
633,634,3,3,3,1980,2,0,19,1,0
634,635,0,3,4,1355,2,0,25,3,0
635,636,3,3,2,13930,2,3,47,1,1
636,637,3,3,6,1376,1,0,28,1,1
637,638,3,2,6,15653,2,3,21,1,1
638,639,3,3,6,1493,2,0,34,1,1
639,640,1,2,6,4370,2,3,26,1,0
640,641,1,3,2,750,2,0,27,2,0
641,642,0,3,7,1308,2,3,38,3,1
642,643,3,3,2,4623,0,3,40,0,0
643,644,3,1,6,1851,2,2,33,1,1
644,645,1,1,6,1880,2,2,32,0,1
645,646,3,2,0,7980,4,3,27,1,0
646,647,1,4,3,4583,2,1,32,1,1
647,648,3,3,4,1386,1,0,26,1,0
648,649,2,3,4,947,2,3,38,1,0
649,650,1,3,2,684,2,3,40,3,0
650,651,1,3,2,7476,2,3,50,0,1
651,652,0,3,3,1922,2,3,37,3,0
652,653,1,3,4,2303,2,3,45,1,0
653,654,0,2,4,8086,0,3,42,0,0
654,655,3,1,9,2346,2,3,35,1,1
655,656,1,3,4,3973,2,3,22,1,1
656,657,0,3,4,888,2,3,41,3,0
657,658,3,3,6,10222,4,3,37,1,1
658,659,0,4,0,4221,2,0,28,1,1
659,660,0,1,3,6361,2,3,41,1,1
660,661,2,3,6,1297,2,2,23,1,1
661,662,1,3,4,900,4,2,23,1,0
662,663,3,3,3,2241,2,3,50,1,1
663,664,0,2,3,1050,2,3,35,0,1
664,665,2,1,2,1047,2,0,50,3,1
665,666,3,1,5,6314,2,3,27,0,1
666,667,0,0,3,3496,3,3,34,1,1
667,668,3,0,0,3609,2,0,27,1,1
668,669,1,1,4,48,2,3,43,1,0
669,670,2,1,6,3017,2,3,47,1,1
670,671,3,1,0,4139,0,3,27,3,1
671,672,3,3,0,5742,0,3,31,1,1
672,673,3,3,4,10366,2,3,42,0,1
673,674,3,1,4,2080,1,2,24,1,1
674,675,3,2,0,2580,1,3,41,3,0
675,676,3,1,6,4530,2,0,26,0,1
676,677,3,1,3,5150,2,3,33,1,1
677,678,0,3,6,5595,0,2,24,1,0
678,679,1,3,6,2384,2,3,64,3,1
679,680,3,3,6,1453,2,0,26,1,1
680,681,3,3,2,1538,2,0,56,1,1
681,682,3,3,6,2279,4,3,37,1,1
682,683,3,2,6,1478,2,2,33,1,1
683,684,3,1,6,5103,2,2,47,1,1
684,685,0,2,0,9857,0,3,31,3,1
685,686,3,3,4,6527,4,3,34,1,1
686,687,2,1,6,1347,4,3,27,1,1
687,688,0,2,4,55,0,3,30,1,1
688,689,3,3,6,2753,0,3,35,1,1
689,690,1,3,4,3651,3,3,31,1,1
690,691,1,1,3,975,2,1,25,1,1
691,692,0,3,7,2631,0,0,25,3,1
692,693,0,3,6,2896,0,3,29,1,1
693,694,1,1,4,4716,4,3,44,3,1
694,695,3,3,6,2284,2,3,28,1,1
695,696,3,3,9,1236,1,3,50,1,1
696,697,0,3,6,1103,2,3,29,1,1
697,698,3,1,4,926,2,0,38,2,1
698,699,3,1,6,1800,2,3,24,1,1
699,700,2,3,2,1905,2,3,40,0,1
700,701,3,3,3,1123,1,0,29,3,0
701,702,1,1,9,6331,2,3,46,1,0
702,703,2,3,6,1377,0,0,47,1,1
703,704,0,2,0,2503,0,3,41,1,1
704,705,0,3,0,2528,2,0,32,1,1
705,706,3,3,4,5324,1,0,35,1,1
706,707,0,3,4,6560,0,3,24,1,0
707,708,0,4,3,2969,2,0,25,1,0
708,709,0,3,6,1206,2,0,25,1,1
709,710,0,3,6,2118,2,3,37,3,1
710,711,3,1,6,629,1,3,32,0,1
711,712,1,0,2,1198,2,0,35,1,0
712,713,3,3,9,2476,4,3,46,0,1
713,714,1,1,6,1138,2,3,25,3,1
714,715,0,3,4,14027,2,3,27,0,0
715,716,3,1,9,7596,4,3,63,1,1
716,717,3,1,6,3077,4,3,40,1,1
717,718,3,3,6,1505,2,3,32,0,1
718,719,2,1,6,3148,4,3,31,1,1
719,720,0,4,9,6148,0,2,31,1,1
720,721,2,4,6,1337,2,3,34,0,0
721,722,0,0,2,433,3,0,24,1,0
722,723,1,3,4,1228,2,0,24,3,0
723,724,0,3,6,790,1,0,66,3,1
724,725,3,3,4,2570,2,0,21,1,0
725,726,3,1,4,250,3,0,41,3,1
726,727,3,1,6,1316,1,2,47,3,1
727,728,1,3,6,1882,2,0,25,1,0
728,729,0,0,0,6416,2,0,59,1,0
729,730,2,1,0,1275,3,1,36,1,1
730,731,0,2,6,6403,2,3,33,1,1
731,732,1,3,6,1987,2,3,21,3,0
732,733,0,3,6,760,2,0,44,3,1
733,734,3,3,9,2603,3,0,28,1,1
734,735,3,1,4,3380,2,0,37,1,1
735,736,0,0,1,3990,4,0,29,2,1
736,737,0,3,9,11560,2,0,23,0,0
737,738,1,3,4,4380,0,3,35,3,1
738,739,3,1,4,6761,2,3,45,0,1
739,740,0,4,0,4280,0,0,26,3,0
740,741,1,0,4,2325,0,3,32,1,1
741,742,0,0,6,1048,2,3,23,3,1
742,743,3,3,6,3160,4,3,41,1,1
743,744,1,0,3,24830,1,3,22,1,1
744,745,1,1,3,14179,4,3,30,0,1
745,746,1,1,0,1797,2,3,28,3,1
746,747,1,3,4,2511,2,0,23,1,1
747,748,1,3,4,1274,2,0,37,3,0
748,749,3,3,9,5248,4,3,26,1,1
749,750,3,3,9,3029,2,3,33,1,1
750,751,1,3,3,428,2,0,49,1,1
751,752,1,3,4,976,2,0,23,3,0
752,753,0,3,0,841,0,0,23,3,1
753,754,3,1,6,5771,2,0,25,1,1
754,755,3,2,7,1555,3,3,55,1,0
755,756,1,3,4,1285,4,0,32,1,0
756,757,2,1,4,1299,2,3,74,2,1
757,758,2,1,6,1271,4,3,39,1,0
758,759,3,3,4,1393,2,3,31,1,1
759,760,1,1,4,691,2,3,35,1,0
760,761,3,1,4,5045,4,0,59,1,1
761,762,1,1,3,2124,2,0,19,1,0
762,763,1,3,6,2214,2,3,24,3,1
763,764,3,1,4,12680,4,3,30,0,0
764,765,3,1,4,2463,0,2,27,1,1
765,766,0,3,6,1155,2,2,40,3,1
766,767,1,3,3,3108,2,1,31,3,0
767,768,3,3,9,2901,4,0,31,1,1
768,769,0,1,3,3617,2,3,28,1,1
769,770,3,1,6,1655,2,3,63,3,1
770,771,1,3,9,2812,4,0,26,1,1
771,772,1,1,2,8065,2,0,25,0,0
772,773,3,1,9,3275,2,3,36,0,1
773,774,3,1,6,2223,0,3,52,1,1
774,775,2,1,4,1480,1,3,66,2,1
775,776,1,3,4,1371,4,0,25,1,0
776,777,3,1,4,3535,2,3,37,1,1
777,778,1,3,6,3509,2,0,25,1,1
778,779,3,1,9,5711,3,3,38,0,1
779,780,0,3,7,3872,2,0,67,1,1
780,781,0,1,6,4933,2,3,25,1,0
781,782,3,1,4,1940,3,3,60,1,1
782,783,0,4,8,1410,2,3,31,3,1
783,784,0,3,4,836,0,0,23,3,0
784,785,0,3,9,6468,4,1,60,0,1
785,786,0,3,0,1941,3,3,35,3,1
786,787,3,3,6,2675,1,3,40,1,1
787,788,3,1,9,2751,4,3,38,1,1
788,789,0,2,2,62240,2,3,50,1,0
789,790,1,1,2,5998,2,3,27,1,0
790,791,0,3,0,1188,2,0,39,1,0
791,792,3,3,9,6313,4,3,41,0,1
792,793,3,1,3,1221,4,2,27,1,1
793,794,2,3,3,2892,2,1,51,1,1
794,795,3,3,3,3062,1,3,32,1,1
795,796,3,3,3,2301,0,0,22,1,1
796,797,1,3,9,7511,4,3,51,1,0
797,798,3,1,3,1258,2,0,22,3,1
798,799,3,2,4,717,4,2,54,1,1
799,800,0,3,4,1549,4,3,35,2,1
800,801,3,1,2,1597,2,3,54,1,1
801,802,0,1,6,1795,2,0,48,3,1
802,803,1,1,3,4272,2,0,24,1,1
803,804,3,1,6,976,4,3,35,1,1
804,805,0,3,4,7472,4,0,24,2,1
805,806,1,3,4,9271,2,3,24,1,0
806,807,0,3,6,590,2,2,26,3,1
807,808,3,1,6,930,4,3,65,1,1
808,809,0,0,9,9283,2,3,55,0,1
809,810,0,4,4,1778,2,0,26,2,0
810,811,0,3,0,907,2,2,26,1,1
811,812,0,3,6,484,2,2,28,3,1
812,813,1,1,9,9629,2,3,24,1,0
813,814,1,3,1,3051,2,3,54,1,0
814,815,1,3,4,3931,2,3,46,1,0
815,816,0,2,4,7432,2,0,54,1,1
816,817,3,3,1,1338,1,1,62,1,1
817,818,3,1,6,1554,2,0,24,1,1
818,819,1,3,5,15857,2,1,43,0,1
819,820,1,3,6,1345,2,2,26,1,0
820,821,3,3,4,1101,2,2,27,1,1
821,822,2,3,6,3016,2,2,24,1,1
822,823,1,3,3,2712,2,3,41,1,0
823,824,1,1,4,731,2,3,47,3,1
824,825,3,1,3,3780,2,1,35,0,1
825,826,1,1,4,1602,2,2,30,1,1
826,827,1,1,4,3966,2,0,33,1,0
827,828,3,4,0,4165,2,3,36,1,0
828,829,1,3,9,8335,4,3,47,1,0
829,830,0,2,0,6681,4,3,38,1,1
830,831,3,2,0,2375,1,3,44,1,1
831,832,1,3,4,1216,2,0,23,1,0
832,833,1,4,0,11816,2,3,29,1,0
833,834,0,3,6,5084,4,0,42,1,1
834,835,2,3,6,2327,2,0,25,3,0
835,836,1,4,4,1082,2,3,48,1,0
836,837,3,3,6,886,4,0,21,1,1
837,838,3,3,3,601,2,0,23,3,1
838,839,1,1,9,2957,2,3,63,1,1
839,840,3,1,6,2611,2,2,46,1,1
840,841,1,3,3,5179,2,3,29,1,0
841,842,3,2,9,2993,2,3,28,3,1
842,843,3,3,7,1943,2,0,23,1,0
843,844,3,0,0,1559,2,3,50,1,1
844,845,3,3,3,3422,2,3,47,1,1
845,846,0,3,3,3976,4,3,35,1,1
846,847,3,3,4,6761,4,3,68,1,0
847,848,3,3,4,1249,2,2,28,1,1
848,849,1,3,6,1364,2,3,59,1,1
849,850,1,3,6,709,2,3,57,3,0
850,851,1,1,4,2235,2,2,33,1,0
851,852,3,1,9,4042,4,3,43,1,1
852,853,3,1,6,1471,2,3,35,1,1
853,854,1,0,4,1442,2,3,32,3,0
854,855,3,2,4,10875,2,3,45,1,1
855,856,3,3,4,1474,0,2,33,1,1
856,857,3,3,8,894,4,0,40,1,1
857,858,3,1,3,3343,2,3,28,1,1
858,859,1,3,4,3959,2,0,29,1,0
859,860,3,3,4,3577,0,3,26,1,1
860,861,3,1,9,5804,3,3,27,1,1
861,862,3,2,0,2169,2,2,28,1,0
862,863,1,3,6,2439,2,0,35,1,0
863,864,3,1,3,4526,3,3,32,3,1
864,865,3,3,3,2210,2,3,25,3,0
865,866,3,3,3,2221,1,0,20,1,1
866,867,1,3,6,2389,2,0,27,1,1
867,868,3,1,3,3331,2,3,42,1,1
868,869,3,3,0,7409,4,3,37,1,1
869,870,1,3,3,652,2,0,24,1,1
870,871,3,2,3,7678,1,0,40,1,1
871,872,2,1,4,1343,2,3,46,1,1
872,873,1,1,0,1382,0,3,26,1,1
873,874,3,3,1,874,4,0,24,1,1
874,875,1,3,3,3590,2,3,29,3,1
875,876,0,1,4,1322,3,0,40,1,1
876,877,1,0,6,1940,2,3,36,0,1
877,878,3,3,6,3595,2,3,28,1,1
878,879,1,3,4,1422,2,3,27,0,0
879,880,3,1,6,6742,4,3,36,1,1
880,881,3,3,9,7814,2,3,38,0,1
881,882,3,3,9,9277,4,1,48,1,1
882,883,0,1,4,2181,4,3,36,1,1
883,884,3,1,6,1098,2,0,65,2,1
884,885,0,3,3,4057,2,1,43,1,0
885,886,1,3,2,7999,2,0,53,1,0
886,887,0,1,0,2825,4,3,34,1,1
887,888,0,3,0,15672,2,3,23,1,0
888,889,3,1,4,6614,2,3,34,0,1
889,890,3,0,9,7824,4,3,40,1,1
890,891,1,1,0,2442,2,3,43,0,1
891,892,3,1,6,1829,2,3,46,1,1
892,893,1,1,4,2171,2,3,38,3,1
893,894,0,1,9,5800,2,3,34,1,1
894,895,3,1,6,1169,4,3,29,1,1
895,896,3,2,9,89470,4,3,31,0,1
896,897,1,3,6,2606,2,0,28,0,1
897,898,3,1,3,1592,3,0,35,1,1
898,899,3,3,3,2186,4,0,33,3,1
899,900,1,3,3,4153,2,3,42,1,0
900,901,1,1,4,2625,2,3,43,1,0
901,902,3,1,4,3485,4,1,44,1,1
902,903,3,1,9,10477,4,3,42,1,1
903,904,3,3,6,1386,4,2,40,1,1
904,905,3,3,6,1278,2,3,36,0,1
905,906,1,3,6,1107,2,3,20,0,1
906,907,1,3,4,3763,4,3,24,3,1
907,908,0,3,2,3711,4,2,27,1,1
908,909,3,2,9,3594,2,0,46,3,1
909,910,0,3,4,3195,4,0,33,3,1
910,911,3,2,6,4454,2,0,34,1,1
911,912,0,1,3,4736,2,0,25,3,0
912,913,0,3,6,2991,4,0,25,1,1
913,914,3,3,0,2142,3,1,28,1,1
914,915,1,0,0,3161,2,3,31,1,0
915,916,0,4,5,18424,2,0,32,0,0
916,917,3,3,9,2848,0,3,32,1,1
917,918,1,3,4,14896,2,3,68,0,0
918,919,1,3,3,2359,0,1,33,1,0
919,920,1,3,3,3345,2,3,39,0,0
920,921,3,1,3,1817,2,0,28,1,1
921,922,3,2,6,12749,1,3,37,0,1
922,923,1,3,6,1366,2,0,22,1,0
923,924,0,3,4,2002,2,3,30,1,1
924,925,1,0,3,6872,2,1,55,1,0
925,926,1,0,4,697,2,3,46,1,0
926,927,1,1,3,1049,2,0,21,1,1
927,928,1,3,9,10297,2,3,39,1,0
928,929,3,3,6,1867,4,3,58,1,1
929,930,1,2,4,1344,2,3,43,3,1
930,931,1,3,3,1747,2,3,24,3,1
931,932,0,3,6,1670,2,0,22,1,0
932,933,3,1,4,1224,2,3,30,1,1
933,934,3,1,6,522,1,3,42,1,1
934,935,1,3,6,1498,2,0,23,1,1
935,936,0,2,6,1919,0,3,30,0,0
936,937,2,3,6,745,2,0,28,3,0
937,938,0,3,6,2063,2,2,30,0,1
938,939,0,3,2,6288,2,3,42,1,0
939,940,3,1,9,6842,4,3,46,0,1
940,941,3,3,4,3527,4,3,45,0,1
941,942,3,3,4,1546,2,3,31,3,1
942,943,3,3,3,929,4,3,31,1,1
943,944,3,1,4,1455,2,3,42,3,1
944,945,1,3,3,1845,2,0,46,1,1
945,946,0,4,4,8358,1,0,30,1,1
946,947,1,0,3,3349,1,3,30,1,0
947,948,3,3,4,2859,4,3,38,0,1
948,949,3,3,3,1533,2,2,43,3,0
949,950,3,3,6,3621,0,3,31,1,0
950,951,0,1,0,3590,2,2,40,2,1
951,952,1,2,0,2145,2,3,24,1,0
952,953,0,3,9,4113,1,0,28,1,0
953,954,3,3,3,10974,2,0,26,0,0
954,955,1,3,4,1893,2,0,29,1,1
955,956,1,1,6,1231,3,0,57,0,1
956,957,2,1,6,3656,4,3,49,3,1
957,958,0,1,6,1154,2,3,37,3,1
958,959,1,3,4,4006,2,3,45,3,0
959,960,0,3,3,3069,0,3,30,1,1
960,961,3,1,6,1740,2,2,30,1,1
961,962,0,2,4,2353,2,1,47,1,1
962,963,3,3,4,3556,4,3,29,1,1
963,964,3,3,6,2397,1,3,35,1,0
964,965,0,3,7,454,2,2,22,3,1
965,966,0,3,6,1715,4,0,26,1,1
966,967,0,1,6,2520,1,3,23,3,0
967,968,3,3,6,3568,2,0,54,0,1
968,969,3,3,6,7166,4,2,29,1,1
969,970,1,1,4,3939,2,3,40,3,1
970,971,0,3,7,1514,0,3,22,1,1
971,972,3,3,4,7393,2,3,43,3,1
972,973,1,0,4,1193,2,0,29,2,0
973,974,1,3,0,7297,2,3,36,1,0
974,975,3,1,6,2831,2,0,33,1,1
975,976,2,3,6,1258,1,0,57,3,1
976,977,0,3,6,753,2,0,64,1,1
977,978,0,2,0,2427,4,3,42,1,1
978,979,3,2,4,2538,2,3,47,3,0
979,980,0,0,4,1264,0,2,25,1,0
980,981,0,1,3,8386,2,3,49,1,0
981,982,3,3,0,4844,2,3,33,0,0
982,983,2,3,4,2923,0,0,28,0,1
983,984,1,3,9,8229,2,3,26,1,0
984,985,3,1,3,2028,2,3,30,3,1
985,986,1,1,3,1433,2,0,25,1,1
986,987,2,4,0,6289,2,1,33,1,1
987,988,3,3,6,1409,0,0,64,1,1
988,989,1,3,9,6579,2,3,29,0,1
989,990,0,1,6,1743,2,3,48,3,1
990,991,3,1,2,3565,4,3,37,3,1
991,992,3,0,6,1569,0,3,34,3,1
992,993,1,3,6,1936,4,2,23,3,1
993,994,1,3,3,3959,2,3,30,0,1
994,995,3,3,4,2390,4,3,50,1,1
995,996,3,3,3,1736,2,0,31,3,1
996,997,1,3,9,3857,2,1,40,0,1
997,998,3,3,6,804,2,3,38,1,1
998,999,1,3,6,1845,2,3,23,1,0
999,1000,0,1,9,4576,0,3,27,1,1
