Case_no,checking_status,credit_history,purpose,credit_amount,saving_status,personal_status,age,job,class
1,<0,critical/other existing credit,radio/tv,1169,no known savings,male single,67,skilled,good
2,0<=X<200,existing paid,radio/tv,5951,<100,female div/dep/mar,22,skilled,bad
3,no checking,critical/other existing credit,education,2096,<100,male single,49,unskilled resident,good
4,<0,existing paid,furniture/equipment,7882,<100,male single,45,skilled,good
5,<0,delayed previously,new car,4870,<100,male single,53,skilled,bad
6,no checking,existing paid,education,9055,no known savings,male single,35,unskilled resident,good
7,no checking,existing paid,furniture/equipment,2835,500<=X<1000,male single,53,skilled,good
8,0<=X<200,existing paid,used car,6948,<100,male single,35,high qualif/self emp/mgmt,good
9,no checking,existing paid,radio/tv,3059,>=1000,male div/sep,61,unskilled resident,good
10,0<=X<200,critical/other existing credit,new car,5234,<100,male mar/wid,28,high qualif/self emp/mgmt,bad
11,0<=X<200,existing paid,new car,1295,<100,female div/dep/mar,25,skilled,bad
12,<0,existing paid,business,4308,<100,female div/dep/mar,24,skilled,bad
13,0<=X<200,existing paid,radio/tv,1567,<100,female div/dep/mar,22,skilled,good
14,<0,critical/other existing credit,new car,1199,<100,male single,60,unskilled resident,bad
15,<0,existing paid,new car,1403,<100,female div/dep/mar,28,skilled,good
16,<0,existing paid,radio/tv,1282,100<=X<500,female div/dep/mar,32,unskilled resident,bad
17,no checking,critical/other existing credit,radio/tv,2424,no known savings,male single,53,skilled,good
18,<0,no credits/all paid,business,8072,no known savings,male single,25,skilled,good
19,0<=X<200,existing paid,used car,12579,<100,female div/dep/mar,44,high qualif/self emp/mgmt,bad
20,no checking,existing paid,radio/tv,3430,500<=X<1000,male single,31,skilled,good
21,no checking,critical/other existing credit,new car,2134,<100,male single,48,skilled,good
22,<0,existing paid,radio/tv,2647,500<=X<1000,male single,44,skilled,good
23,<0,critical/other existing credit,new car,2241,<100,male single,48,unskilled resident,good
24,0<=X<200,critical/other existing credit,used car,1804,100<=X<500,male single,44,skilled,good
25,no checking,critical/other existing credit,furniture/equipment,2069,no known savings,male mar/wid,26,skilled,good
26,<0,existing paid,furniture/equipment,1374,<100,male single,36,unskilled resident,good
27,no checking,no credits/all paid,radio/tv,426,<100,male mar/wid,39,unskilled resident,good
28,>=200,all paid,radio/tv,409,>=1000,female div/dep/mar,42,skilled,good
29,0<=X<200,existing paid,radio/tv,2415,<100,male single,34,skilled,good
30,<0,delayed previously,business,6836,<100,male single,63,skilled,bad
31,0<=X<200,existing paid,business,1913,>=1000,male mar/wid,36,skilled,good
32,<0,existing paid,furniture/equipment,4020,<100,male single,27,skilled,good
33,0<=X<200,existing paid,new car,5866,100<=X<500,male single,30,skilled,good
34,no checking,critical/other existing credit,business,1264,no known savings,male single,57,unskilled resident,good
35,>=200,existing paid,furniture/equipment,1474,<100,female div/dep/mar,33,high qualif/self emp/mgmt,good
36,0<=X<200,critical/other existing credit,radio/tv,4746,<100,male single,25,unskilled resident,bad
37,no checking,critical/other existing credit,education,6110,<100,male single,31,skilled,good
38,>=200,existing paid,radio/tv,2100,<100,male single,37,skilled,bad
39,>=200,existing paid,domestic appliance,1225,<100,male single,37,skilled,good
40,0<=X<200,existing paid,radio/tv,458,<100,male single,24,skilled,good
41,no checking,existing paid,radio/tv,2333,500<=X<1000,male single,30,high qualif/self emp/mgmt,good
42,0<=X<200,existing paid,radio/tv,1158,500<=X<1000,male div/sep,26,skilled,good
43,0<=X<200,delayed previously,repairs,6204,<100,male single,44,unskilled resident,good
44,<0,critical/other existing credit,used car,6187,100<=X<500,male mar/wid,24,skilled,good
45,<0,critical/other existing credit,used car,6143,<100,female div/dep/mar,58,unskilled resident,bad
46,no checking,critical/other existing credit,new car,1393,<100,female div/dep/mar,35,high qualif/self emp/mgmt,good
47,no checking,existing paid,radio/tv,2299,500<=X<1000,male single,39,skilled,good
48,<0,existing paid,used car,1352,500<=X<1000,female div/dep/mar,23,unemp/unskilled non res,good
49,no checking,critical/other existing credit,new car,7228,<100,male single,39,unskilled resident,good
50,no checking,existing paid,radio/tv,2073,100<=X<500,female div/dep/mar,28,skilled,good
51,0<=X<200,delayed previously,furniture/equipment,2333,no known savings,male single,29,unskilled resident,good
52,0<=X<200,delayed previously,used car,5965,<100,male single,30,high qualif/self emp/mgmt,good
53,no checking,existing paid,radio/tv,1262,<100,male single,25,skilled,good
54,no checking,existing paid,used car,3378,no known savings,male single,31,skilled,good
55,0<=X<200,delayed previously,new car,2225,<100,male single,57,skilled,bad
56,no checking,all paid,new car,783,no known savings,male single,26,unskilled resident,good
57,0<=X<200,existing paid,radio/tv,6468,no known savings,male single,52,high qualif/self emp/mgmt,bad
58,no checking,critical/other existing credit,radio/tv,9566,<100,female div/dep/mar,31,skilled,good
59,>=200,existing paid,new car,1961,<100,female div/dep/mar,23,high qualif/self emp/mgmt,good
60,<0,critical/other existing credit,furniture/equipment,6229,<100,female div/dep/mar,23,unskilled resident,bad
61,0<=X<200,existing paid,business,1391,<100,male mar/wid,27,skilled,good
62,0<=X<200,critical/other existing credit,radio/tv,1537,no known savings,male single,50,skilled,good
63,0<=X<200,no credits/all paid,business,1953,<100,male single,61,high qualif/self emp/mgmt,bad
64,0<=X<200,no credits/all paid,business,14421,<100,male single,25,skilled,bad
65,no checking,existing paid,radio/tv,3181,<100,female div/dep/mar,26,skilled,good
66,no checking,existing paid,repairs,5190,no known savings,male single,48,skilled,good
67,no checking,existing paid,radio/tv,2171,<100,female div/dep/mar,29,skilled,good
68,0<=X<200,existing paid,new car,1007,>=1000,male mar/wid,22,skilled,good
69,no checking,existing paid,education,1819,<100,male single,37,skilled,bad
70,no checking,existing paid,radio/tv,2394,no known savings,female div/dep/mar,25,skilled,good
71,no checking,existing paid,used car,8133,<100,female div/dep/mar,30,skilled,good
72,no checking,critical/other existing credit,radio/tv,730,no known savings,male single,46,unskilled resident,good
73,<0,critical/other existing credit,other,1164,<100,male single,51,high qualif/self emp/mgmt,good
74,0<=X<200,critical/other existing credit,business,5954,<100,female div/dep/mar,41,unskilled resident,good
75,<0,existing paid,education,1977,no known savings,male single,40,high qualif/self emp/mgmt,bad
76,<0,critical/other existing credit,used car,1526,<100,male single,66,high qualif/self emp/mgmt,good
77,<0,existing paid,radio/tv,3965,<100,male single,34,skilled,bad
78,0<=X<200,delayed previously,radio/tv,4771,<100,male single,51,skilled,good
79,no checking,no credits/all paid,used car,9436,no known savings,male single,39,unskilled resident,good
80,0<=X<200,existing paid,furniture/equipment,3832,<100,male mar/wid,22,skilled,good
81,no checking,existing paid,radio/tv,5943,no known savings,female div/dep/mar,44,skilled,bad
82,no checking,existing paid,radio/tv,1213,500<=X<1000,male single,47,skilled,good
83,no checking,existing paid,business,1568,100<=X<500,female div/dep/mar,24,unskilled resident,good
84,<0,existing paid,other,1755,<100,female div/dep/mar,58,unskilled resident,good
85,<0,existing paid,radio/tv,2315,<100,male single,52,unskilled resident,good
86,no checking,critical/other existing credit,business,1412,<100,female div/dep/mar,29,high qualif/self emp/mgmt,good
87,0<=X<200,critical/other existing credit,furniture/equipment,1295,<100,female div/dep/mar,27,skilled,good
88,0<=X<200,existing paid,education,12612,100<=X<500,male single,47,skilled,bad
89,<0,existing paid,new car,2249,100<=X<500,male single,30,high qualif/self emp/mgmt,good
90,<0,no credits/all paid,repairs,1108,<100,male single,28,skilled,bad
91,no checking,critical/other existing credit,radio/tv,618,<100,male single,56,skilled,good
92,<0,critical/other existing credit,used car,1409,<100,male single,54,skilled,good
93,no checking,critical/other existing credit,radio/tv,797,no known savings,female div/dep/mar,33,unskilled resident,bad
94,>=200,critical/other existing credit,furniture/equipment,3617,no known savings,male single,20,skilled,good
95,0<=X<200,existing paid,new car,1318,>=1000,male single,54,skilled,good
96,0<=X<200,no credits/all paid,business,15945,<100,male single,58,skilled,bad
97,no checking,critical/other existing credit,education,2012,no known savings,female div/dep/mar,61,skilled,good
98,0<=X<200,existing paid,business,2622,100<=X<500,male single,34,skilled,good
99,0<=X<200,critical/other existing credit,radio/tv,2337,<100,male single,36,skilled,good
100,0<=X<200,delayed previously,used car,7057,no known savings,male single,36,high qualif/self emp/mgmt,good
101,no checking,existing paid,new car,1469,100<=X<500,male mar/wid,41,unskilled resident,good
102,0<=X<200,existing paid,radio/tv,2323,<100,male single,24,skilled,good
103,no checking,delayed previously,radio/tv,932,<100,female div/dep/mar,24,skilled,good
104,0<=X<200,critical/other existing credit,furniture/equipment,1919,<100,male single,35,skilled,good
105,no checking,existing paid,used car,2445,no known savings,male mar/wid,26,skilled,good
106,0<=X<200,critical/other existing credit,other,11938,<100,male single,39,high qualif/self emp/mgmt,bad
107,no checking,all paid,new car,6458,<100,male single,39,high qualif/self emp/mgmt,bad
108,0<=X<200,existing paid,new car,6078,<100,male single,32,skilled,good
109,<0,existing paid,furniture/equipment,7721,no known savings,female div/dep/mar,30,skilled,good
110,0<=X<200,existing paid,business,1410,500<=X<1000,male mar/wid,35,skilled,good
111,0<=X<200,delayed previously,business,1449,100<=X<500,male div/sep,31,skilled,good
112,>=200,existing paid,education,392,<100,female div/dep/mar,23,skilled,good
113,0<=X<200,existing paid,new car,6260,<100,male single,28,unskilled resident,good
114,no checking,critical/other existing credit,new car,7855,<100,female div/dep/mar,25,skilled,bad
115,<0,existing paid,radio/tv,1680,500<=X<1000,male mar/wid,35,skilled,good
116,no checking,critical/other existing credit,radio/tv,3578,no known savings,male single,47,skilled,good
117,<0,existing paid,radio/tv,7174,no known savings,female div/dep/mar,30,high qualif/self emp/mgmt,bad
118,<0,critical/other existing credit,furniture/equipment,2132,no known savings,female div/dep/mar,27,skilled,good
119,<0,critical/other existing credit,furniture/equipment,4281,500<=X<1000,female div/dep/mar,23,skilled,bad
120,0<=X<200,critical/other existing credit,new car,2366,500<=X<1000,male div/sep,36,high qualif/self emp/mgmt,good
121,<0,existing paid,radio/tv,1835,<100,female div/dep/mar,25,skilled,bad
122,no checking,critical/other existing credit,used car,3868,<100,female div/dep/mar,41,high qualif/self emp/mgmt,good
123,no checking,existing paid,furniture/equipment,1768,<100,male single,24,unskilled resident,good
124,>=200,critical/other existing credit,new car,781,<100,male single,63,skilled,good
125,0<=X<200,existing paid,furniture/equipment,1924,no known savings,female div/dep/mar,27,skilled,bad
126,<0,critical/other existing credit,new car,2121,<100,male single,30,skilled,good
127,<0,existing paid,radio/tv,701,<100,male mar/wid,40,unskilled resident,good
128,0<=X<200,existing paid,repairs,639,<100,male single,30,skilled,bad
129,0<=X<200,critical/other existing credit,used car,1860,<100,male single,34,high qualif/self emp/mgmt,good
130,<0,critical/other existing credit,new car,3499,<100,female div/dep/mar,29,skilled,bad
131,0<=X<200,existing paid,new car,8487,no known savings,female div/dep/mar,24,skilled,good
132,<0,delayed previously,education,6887,<100,male single,29,skilled,bad
133,no checking,existing paid,furniture/equipment,2708,<100,male single,27,unskilled resident,good
134,no checking,existing paid,furniture/equipment,1984,<100,male single,47,skilled,good
135,no checking,existing paid,radio/tv,10144,100<=X<500,female div/dep/mar,21,skilled,good
136,no checking,critical/other existing credit,radio/tv,1240,no known savings,female div/dep/mar,38,skilled,good
137,no checking,delayed previously,used car,8613,>=1000,male single,27,skilled,good
138,0<=X<200,existing paid,radio/tv,766,500<=X<1000,male single,66,unskilled resident,bad
139,0<=X<200,critical/other existing credit,radio/tv,2728,no known savings,male single,35,skilled,good
140,>=200,existing paid,radio/tv,1881,<100,female div/dep/mar,44,unskilled resident,good
141,>=200,existing paid,new car,709,>=1000,male mar/wid,27,unemp/unskilled non res,good
142,0<=X<200,existing paid,radio/tv,4795,<100,female div/dep/mar,30,high qualif/self emp/mgmt,good
143,<0,existing paid,radio/tv,3416,<100,male single,27,high qualif/self emp/mgmt,good
144,<0,existing paid,furniture/equipment,2462,<100,male single,22,skilled,bad
145,no checking,critical/other existing credit,furniture/equipment,2288,<100,female div/dep/mar,23,skilled,good
146,0<=X<200,all paid,business,3566,100<=X<500,male single,30,skilled,good
147,<0,critical/other existing credit,new car,860,<100,female div/dep/mar,39,skilled,good
148,no checking,critical/other existing credit,new car,682,100<=X<500,female div/dep/mar,51,skilled,good
149,<0,critical/other existing credit,furniture/equipment,5371,<100,male single,28,skilled,good
150,no checking,critical/other existing credit,radio/tv,1582,>=1000,male single,46,skilled,good
151,no checking,existing paid,radio/tv,1346,100<=X<500,male single,42,skilled,good
152,no checking,existing paid,radio/tv,1924,<100,male single,38,skilled,good
153,>=200,existing paid,radio/tv,5848,<100,male single,24,skilled,good
154,0<=X<200,critical/other existing credit,used car,7758,>=1000,female div/dep/mar,29,skilled,good
155,0<=X<200,delayed previously,business,6967,100<=X<500,male single,36,high qualif/self emp/mgmt,good
156,<0,existing paid,furniture/equipment,1282,<100,female div/dep/mar,20,skilled,bad
157,<0,critical/other existing credit,repairs,1288,100<=X<500,male single,48,skilled,good
158,<0,all paid,retraining,339,<100,male mar/wid,45,unskilled resident,good
159,0<=X<200,existing paid,new car,3512,100<=X<500,male single,38,skilled,good
160,no checking,critical/other existing credit,radio/tv,1898,no known savings,male single,34,unskilled resident,good
161,no checking,critical/other existing credit,radio/tv,2872,100<=X<500,male single,36,skilled,good
162,no checking,critical/other existing credit,new car,1055,<100,female div/dep/mar,30,skilled,good
163,no checking,existing paid,domestic appliance,1262,500<=X<1000,male single,36,skilled,good
164,0<=X<200,existing paid,new car,7308,<100,male single,70,high qualif/self emp/mgmt,good
165,no checking,existing paid,new car,909,500<=X<1000,male single,36,skilled,good
166,no checking,existing paid,furniture/equipment,2978,500<=X<1000,male single,32,skilled,good
167,<0,existing paid,furniture/equipment,1131,<100,female div/dep/mar,33,skilled,bad
168,0<=X<200,existing paid,furniture/equipment,1577,>=1000,female div/dep/mar,20,skilled,good
169,no checking,existing paid,furniture/equipment,3972,<100,female div/dep/mar,25,skilled,good
170,0<=X<200,critical/other existing credit,business,1935,<100,male div/sep,31,skilled,bad
171,<0,no credits/all paid,new car,950,<100,male single,33,skilled,bad
172,no checking,existing paid,furniture/equipment,763,<100,female div/dep/mar,26,skilled,good
173,0<=X<200,delayed previously,furniture/equipment,2064,<100,female div/dep/mar,34,high qualif/self emp/mgmt,bad
174,0<=X<200,existing paid,radio/tv,1414,<100,male single,33,skilled,good
175,<0,delayed previously,education,3414,<100,male single,26,skilled,bad
176,no checking,all paid,used car,7485,no known savings,female div/dep/mar,53,high qualif/self emp/mgmt,bad
177,<0,existing paid,furniture/equipment,2577,<100,male div/sep,42,skilled,good
178,<0,critical/other existing credit,radio/tv,338,500<=X<1000,male single,52,skilled,good
179,no checking,existing paid,radio/tv,1963,<100,male single,31,high qualif/self emp/mgmt,good
180,<0,critical/other existing credit,new car,571,<100,male single,65,skilled,good
181,no checking,delayed previously,business,9572,<100,male div/sep,28,skilled,bad
182,0<=X<200,delayed previously,business,4455,<100,male div/sep,30,high qualif/self emp/mgmt,bad
183,<0,all paid,new car,1647,no known savings,male single,40,unskilled resident,bad
184,no checking,critical/other existing credit,furniture/equipment,3777,>=1000,male single,50,skilled,good
185,0<=X<200,critical/other existing credit,new car,884,<100,male single,36,skilled,bad
186,no checking,critical/other existing credit,radio/tv,1360,<100,male single,31,skilled,good
187,0<=X<200,all paid,used car,5129,<100,female div/dep/mar,74,high qualif/self emp/mgmt,bad
188,0<=X<200,critical/other existing credit,new car,1175,<100,male single,68,unemp/unskilled non res,good
189,<0,existing paid,radio/tv,674,100<=X<500,male mar/wid,20,skilled,bad
190,0<=X<200,no credits/all paid,furniture/equipment,3244,<100,female div/dep/mar,33,skilled,good
191,no checking,existing paid,business,4591,>=1000,male single,54,high qualif/self emp/mgmt,bad
192,0<=X<200,no credits/all paid,business,3844,100<=X<500,male single,34,unskilled resident,bad
193,0<=X<200,existing paid,business,3915,<100,male single,36,skilled,bad
194,no checking,existing paid,radio/tv,2108,<100,male mar/wid,29,skilled,good
195,0<=X<200,existing paid,radio/tv,3031,100<=X<500,male single,21,skilled,bad
196,0<=X<200,critical/other existing credit,education,1501,<100,female div/dep/mar,34,high qualif/self emp/mgmt,bad
197,no checking,critical/other existing credit,radio/tv,1382,<100,female div/dep/mar,28,skilled,good
198,0<=X<200,existing paid,furniture/equipment,951,100<=X<500,female div/dep/mar,27,skilled,bad
199,0<=X<200,existing paid,used car,2760,no known savings,male single,36,skilled,good
200,0<=X<200,delayed previously,furniture/equipment,4297,<100,male div/sep,40,high qualif/self emp/mgmt,bad
201,no checking,critical/other existing credit,education,936,500<=X<1000,male single,52,skilled,good
202,<0,existing paid,new car,1168,<100,male mar/wid,27,unskilled resident,good
203,no checking,delayed previously,business,5117,<100,male single,26,skilled,good
204,<0,existing paid,retraining,902,<100,male mar/wid,21,skilled,bad
205,no checking,critical/other existing credit,new car,1495,<100,male single,38,unskilled resident,good
206,<0,critical/other existing credit,used car,10623,<100,male single,38,high qualif/self emp/mgmt,good
207,no checking,critical/other existing credit,furniture/equipment,1935,<100,male single,43,skilled,good
208,0<=X<200,critical/other existing credit,domestic appliance,1424,<100,male single,26,skilled,good
209,<0,existing paid,business,6568,<100,male mar/wid,21,unskilled resident,good
210,no checking,existing paid,used car,1413,>=1000,male single,55,skilled,good
211,no checking,critical/other existing credit,radio/tv,3074,no known savings,male single,33,skilled,good
212,no checking,existing paid,radio/tv,3835,no known savings,female div/dep/mar,45,unskilled resident,good
213,<0,no credits/all paid,business,5293,<100,male single,50,skilled,bad
214,>=200,delayed previously,business,1908,<100,male single,66,high qualif/self emp/mgmt,bad
215,no checking,critical/other existing credit,radio/tv,3342,no known savings,male single,51,skilled,good
216,0<=X<200,critical/other existing credit,retraining,932,no known savings,female div/dep/mar,39,unskilled resident,good
217,<0,no credits/all paid,business,3104,<100,male single,31,skilled,good
218,>=200,existing paid,radio/tv,3913,<100,male single,23,skilled,good
219,<0,existing paid,furniture/equipment,3021,<100,male div/sep,24,unskilled resident,good
220,no checking,existing paid,new car,1364,<100,female div/dep/mar,64,skilled,good
221,0<=X<200,existing paid,radio/tv,625,<100,male mar/wid,26,unskilled resident,good
222,<0,existing paid,education,1200,no known savings,female div/dep/mar,23,skilled,good
223,no checking,existing paid,radio/tv,707,<100,male single,30,skilled,good
224,no checking,delayed previously,business,2978,no known savings,male single,32,skilled,good
225,no checking,existing paid,used car,4657,<100,male single,30,skilled,good
226,no checking,no credits/all paid,repairs,2613,<100,male single,27,skilled,good
227,0<=X<200,existing paid,radio/tv,10961,>=1000,male single,27,skilled,bad
228,<0,existing paid,furniture/equipment,7865,<100,male single,53,high qualif/self emp/mgmt,bad
229,no checking,existing paid,radio/tv,1478,<100,male single,22,skilled,bad
230,<0,existing paid,furniture/equipment,3149,<100,male single,22,skilled,good
231,>=200,existing paid,radio/tv,4210,<100,male single,26,skilled,bad
232,no checking,existing paid,new car,2507,500<=X<1000,male single,51,unskilled resident,good
233,no checking,existing paid,radio/tv,2141,100<=X<500,male single,35,skilled,good
234,0<=X<200,existing paid,radio/tv,866,<100,male mar/wid,25,unskilled resident,good
235,no checking,critical/other existing credit,radio/tv,1544,<100,male single,42,unskilled resident,good
236,<0,existing paid,radio/tv,1823,<100,male single,30,high qualif/self emp/mgmt,bad
237,0<=X<200,existing paid,new car,14555,no known savings,male single,23,unemp/unskilled non res,bad
238,0<=X<200,existing paid,business,2767,100<=X<500,male div/sep,61,unskilled resident,bad
239,no checking,critical/other existing credit,radio/tv,1291,<100,female div/dep/mar,35,skilled,good
240,<0,existing paid,radio/tv,2522,<100,male single,39,skilled,good
241,<0,existing paid,new car,915,no known savings,female div/dep/mar,29,skilled,bad
242,no checking,existing paid,radio/tv,1595,<100,male single,51,skilled,good
243,<0,no credits/all paid,used car,4605,<100,male single,24,skilled,bad
244,no checking,critical/other existing credit,business,1185,<100,female div/dep/mar,27,skilled,good
245,no checking,all paid,retraining,3447,500<=X<1000,female div/dep/mar,35,unskilled resident,good
246,no checking,existing paid,business,1258,<100,male single,25,skilled,good
247,no checking,critical/other existing credit,radio/tv,717,<100,male single,52,skilled,good
248,no checking,no credits/all paid,new car,1204,100<=X<500,male single,35,skilled,good
249,>=200,existing paid,furniture/equipment,1925,<100,male single,26,skilled,good
250,no checking,existing paid,radio/tv,433,<100,female div/dep/mar,22,skilled,bad
251,<0,critical/other existing credit,new car,666,>=1000,female div/dep/mar,39,unskilled resident,good
252,>=200,existing paid,furniture/equipment,2251,<100,female div/dep/mar,46,unskilled resident,good
253,0<=X<200,existing paid,new car,2150,<100,female div/dep/mar,24,skilled,bad
254,no checking,delayed previously,furniture/equipment,4151,100<=X<500,male single,35,skilled,good
255,0<=X<200,existing paid,furniture/equipment,2030,no known savings,male single,24,skilled,good
256,0<=X<200,delayed previously,radio/tv,7418,no known savings,male single,27,unskilled resident,good
257,no checking,critical/other existing credit,radio/tv,2684,<100,male single,35,unskilled resident,good
258,<0,all paid,radio/tv,2149,<100,male div/sep,29,skilled,bad
259,no checking,existing paid,used car,3812,100<=X<500,female div/dep/mar,23,skilled,good
260,no checking,critical/other existing credit,radio/tv,1154,100<=X<500,female div/dep/mar,57,unskilled resident,good
261,<0,existing paid,furniture/equipment,1657,<100,male single,27,skilled,good
262,<0,existing paid,radio/tv,1603,<100,female div/dep/mar,55,skilled,good
263,<0,critical/other existing credit,new car,5302,<100,male single,36,high qualif/self emp/mgmt,good
264,no checking,critical/other existing credit,education,2748,<100,female div/dep/mar,57,unskilled resident,good
265,no checking,critical/other existing credit,new car,1231,<100,male single,32,unskilled resident,good
266,0<=X<200,existing paid,radio/tv,802,<100,male single,37,skilled,bad
267,no checking,critical/other existing credit,business,6304,no known savings,male single,36,skilled,good
268,no checking,existing paid,radio/tv,1533,<100,female div/dep/mar,38,skilled,good
269,<0,existing paid,new car,8978,<100,male div/sep,45,high qualif/self emp/mgmt,bad
270,no checking,existing paid,radio/tv,999,no known savings,male single,25,skilled,good
271,no checking,existing paid,new car,2662,no known savings,male single,32,skilled,good
272,no checking,critical/other existing credit,furniture/equipment,1402,500<=X<1000,female div/dep/mar,37,skilled,good
273,0<=X<200,all paid,new car,12169,no known savings,male single,36,high qualif/self emp/mgmt,good
274,0<=X<200,existing paid,radio/tv,3060,<100,male single,28,skilled,bad
275,<0,existing paid,repairs,11998,<100,male div/sep,34,unskilled resident,bad
276,no checking,existing paid,radio/tv,2697,<100,male single,32,skilled,good
277,no checking,critical/other existing credit,radio/tv,2404,<100,female div/dep/mar,26,skilled,good
278,<0,existing paid,furniture/equipment,1262,no known savings,male div/sep,49,unskilled resident,good
279,no checking,existing paid,furniture/equipment,4611,<100,female div/dep/mar,32,skilled,bad
280,no checking,existing paid,radio/tv,1901,100<=X<500,male single,29,high qualif/self emp/mgmt,good
281,no checking,critical/other existing credit,used car,3368,>=1000,male single,23,skilled,good
282,no checking,existing paid,furniture/equipment,1574,<100,male single,50,skilled,good
283,>=200,all paid,radio/tv,1445,no known savings,male single,49,unskilled resident,good
284,no checking,critical/other existing credit,furniture/equipment,1520,no known savings,male single,63,skilled,good
285,0<=X<200,critical/other existing credit,new car,3878,100<=X<500,male div/sep,37,skilled,good
286,<0,existing paid,new car,10722,<100,female div/dep/mar,35,unskilled resident,good
287,<0,existing paid,used car,4788,<100,male single,26,skilled,good
288,0<=X<200,delayed previously,other,7582,100<=X<500,male single,31,high qualif/self emp/mgmt,good
289,0<=X<200,existing paid,radio/tv,1092,<100,female div/dep/mar,49,skilled,good
290,<0,delayed previously,radio/tv,1024,<100,male mar/wid,48,skilled,bad
291,no checking,existing paid,business,1076,<100,male mar/wid,26,skilled,good
292,0<=X<200,existing paid,used car,9398,<100,male mar/wid,28,high qualif/self emp/mgmt,bad
293,<0,critical/other existing credit,used car,6419,<100,female div/dep/mar,44,high qualif/self emp/mgmt,good
294,>=200,critical/other existing credit,used car,4796,<100,male single,56,skilled,good
295,no checking,critical/other existing credit,business,7629,no known savings,male div/sep,46,high qualif/self emp/mgmt,good
296,0<=X<200,existing paid,furniture/equipment,9960,<100,female div/dep/mar,26,skilled,bad
297,no checking,existing paid,used car,4675,no known savings,female div/dep/mar,20,skilled,good
298,no checking,existing paid,new car,1287,no known savings,male single,45,unskilled resident,good
299,no checking,existing paid,furniture/equipment,2515,<100,male single,43,skilled,good
300,0<=X<200,critical/other existing credit,furniture/equipment,2745,>=1000,male single,32,skilled,good
301,no checking,existing paid,new car,672,<100,female div/dep/mar,54,unemp/unskilled non res,good
302,0<=X<200,no credits/all paid,radio/tv,3804,<100,female div/dep/mar,42,skilled,bad
303,>=200,critical/other existing credit,new car,1344,no known savings,male single,37,unskilled resident,bad
304,<0,critical/other existing credit,new car,1038,<100,male single,49,skilled,good
305,no checking,critical/other existing credit,new car,10127,500<=X<1000,male single,44,skilled,bad
306,no checking,existing paid,furniture/equipment,1543,>=1000,male div/sep,33,skilled,good
307,no checking,existing paid,used car,4811,no known savings,female div/dep/mar,24,unskilled resident,good
308,<0,existing paid,radio/tv,727,100<=X<500,male mar/wid,33,unskilled resident,bad
309,0<=X<200,existing paid,furniture/equipment,1237,<100,female div/dep/mar,24,skilled,bad
310,0<=X<200,existing paid,new car,276,<100,male mar/wid,22,unskilled resident,good
311,0<=X<200,existing paid,other,5381,no known savings,male single,40,unemp/unskilled non res,good
312,no checking,existing paid,furniture/equipment,5511,100<=X<500,male single,25,skilled,good
313,>=200,existing paid,furniture/equipment,3749,<100,female div/dep/mar,26,skilled,good
314,0<=X<200,existing paid,new car,685,<100,male mar/wid,25,unskilled resident,bad
315,>=200,existing paid,new car,1494,no known savings,male single,29,unskilled resident,good
316,<0,all paid,furniture/equipment,2746,<100,male single,31,skilled,bad
317,<0,existing paid,furniture/equipment,708,<100,male single,38,unskilled resident,good
318,0<=X<200,existing paid,furniture/equipment,4351,no known savings,female div/dep/mar,48,unskilled resident,good
319,no checking,critical/other existing credit,education,701,<100,male single,32,skilled,good
320,<0,delayed previously,furniture/equipment,3643,<100,female div/dep/mar,27,unskilled resident,good
321,0<=X<200,critical/other existing credit,new car,4249,<100,male mar/wid,28,high qualif/self emp/mgmt,bad
322,<0,existing paid,radio/tv,1938,<100,male div/sep,32,skilled,bad
323,<0,existing paid,used car,2910,<100,male single,34,high qualif/self emp/mgmt,good
324,<0,existing paid,furniture/equipment,2659,>=1000,male single,28,skilled,good
325,no checking,critical/other existing credit,new car,1028,<100,female div/dep/mar,36,skilled,good
326,<0,critical/other existing credit,new car,3398,<100,male single,39,unskilled resident,good
327,no checking,critical/other existing credit,furniture/equipment,5801,no known savings,male single,49,skilled,good
328,no checking,existing paid,new car,1525,>=1000,female div/dep/mar,34,skilled,good
329,>=200,existing paid,radio/tv,4473,<100,male single,31,skilled,good
330,0<=X<200,existing paid,radio/tv,1068,<100,male single,28,skilled,good
331,<0,critical/other existing credit,used car,6615,<100,male single,75,high qualif/self emp/mgmt,good
332,no checking,critical/other existing credit,education,1864,100<=X<500,female div/dep/mar,30,skilled,bad
333,0<=X<200,existing paid,new car,7408,100<=X<500,female div/dep/mar,24,high qualif/self emp/mgmt,bad
334,no checking,critical/other existing credit,used car,11590,100<=X<500,female div/dep/mar,24,unskilled resident,bad
335,<0,no credits/all paid,furniture/equipment,4110,<100,male single,23,skilled,bad
336,<0,critical/other existing credit,furniture/equipment,3384,<100,male div/sep,44,high qualif/self emp/mgmt,bad
337,0<=X<200,existing paid,radio/tv,2101,<100,female div/dep/mar,23,unskilled resident,good
338,<0,existing paid,domestic appliance,1275,no known savings,female div/dep/mar,24,skilled,bad
339,<0,existing paid,furniture/equipment,4169,<100,male single,28,skilled,good
340,0<=X<200,existing paid,furniture/equipment,1521,<100,male div/sep,31,unskilled resident,good
341,0<=X<200,critical/other existing credit,education,5743,<100,female div/dep/mar,24,skilled,good
342,<0,existing paid,furniture/equipment,3599,<100,female div/dep/mar,26,unskilled resident,good
343,0<=X<200,existing paid,radio/tv,3213,500<=X<1000,male mar/wid,25,skilled,good
344,0<=X<200,existing paid,business,4439,<100,male single,33,high qualif/self emp/mgmt,good
345,>=200,existing paid,new car,3949,<100,male single,37,unskilled resident,good
346,no checking,critical/other existing credit,radio/tv,1459,<100,female div/dep/mar,43,unskilled resident,good
347,0<=X<200,critical/other existing credit,radio/tv,882,<100,male single,23,skilled,good
348,0<=X<200,existing paid,radio/tv,3758,500<=X<1000,female div/dep/mar,23,unemp/unskilled non res,good
349,no checking,delayed previously,business,1743,100<=X<500,male single,34,unskilled resident,good
350,0<=X<200,critical/other existing credit,education,1136,>=1000,male single,32,skilled,bad
351,no checking,existing paid,domestic appliance,1236,<100,female div/dep/mar,23,skilled,good
352,0<=X<200,existing paid,furniture/equipment,959,<100,female div/dep/mar,29,skilled,bad
353,no checking,critical/other existing credit,used car,3229,no known savings,male single,38,high qualif/self emp/mgmt,good
354,<0,no credits/all paid,radio/tv,6199,<100,male single,28,skilled,bad
355,no checking,existing paid,education,727,500<=X<1000,male single,46,skilled,good
356,0<=X<200,existing paid,new car,1246,<100,male single,23,unskilled resident,bad
357,no checking,critical/other existing credit,radio/tv,2331,no known savings,male single,49,skilled,good
358,no checking,delayed previously,radio/tv,4463,<100,male single,26,high qualif/self emp/mgmt,bad
359,no checking,existing paid,radio/tv,776,<100,male mar/wid,28,skilled,good
360,<0,existing paid,furniture/equipment,2406,<100,female div/dep/mar,23,skilled,bad
361,0<=X<200,existing paid,education,1239,no known savings,male single,61,skilled,good
362,>=200,existing paid,radio/tv,3399,no known savings,male single,37,high qualif/self emp/mgmt,good
363,>=200,delayed previously,new car,2247,<100,female div/dep/mar,36,skilled,good
364,no checking,existing paid,furniture/equipment,1766,<100,male mar/wid,21,skilled,good
365,<0,existing paid,furniture/equipment,2473,<100,male single,25,unemp/unskilled non res,bad
366,no checking,existing paid,business,1542,<100,male single,36,skilled,good
367,no checking,critical/other existing credit,used car,3850,<100,male single,27,skilled,good
368,<0,existing paid,furniture/equipment,3650,<100,female div/dep/mar,22,skilled,good
369,<0,existing paid,furniture/equipment,3446,<100,male single,42,skilled,bad
370,0<=X<200,existing paid,furniture/equipment,3001,<100,female div/dep/mar,40,skilled,good
371,no checking,existing paid,new car,3079,no known savings,male single,36,skilled,good
372,no checking,critical/other existing credit,radio/tv,6070,<100,male single,33,skilled,good
373,no checking,critical/other existing credit,furniture/equipment,2146,<100,female div/dep/mar,23,skilled,good
374,no checking,critical/other existing credit,new car,13756,no known savings,male single,63,high qualif/self emp/mgmt,good
375,0<=X<200,all paid,other,14782,100<=X<500,female div/dep/mar,60,high qualif/self emp/mgmt,bad
376,<0,all paid,business,7685,<100,female div/dep/mar,37,skilled,bad
377,no checking,delayed previously,radio/tv,2320,<100,male mar/wid,34,skilled,good
378,no checking,delayed previously,radio/tv,846,no known savings,male single,36,skilled,good
379,0<=X<200,existing paid,new car,14318,<100,male single,57,high qualif/self emp/mgmt,bad
380,no checking,critical/other existing credit,new car,362,100<=X<500,female div/dep/mar,52,unskilled resident,good
381,<0,existing paid,furniture/equipment,2212,no known savings,male single,39,skilled,good
382,0<=X<200,existing paid,used car,12976,<100,female div/dep/mar,38,high qualif/self emp/mgmt,bad
383,no checking,existing paid,new car,1283,no known savings,female div/dep/mar,25,skilled,good
384,>=200,existing paid,new car,1330,<100,male single,26,skilled,good
385,no checking,delayed previously,business,4272,100<=X<500,male single,26,unskilled resident,good
386,no checking,critical/other existing credit,radio/tv,2238,<100,female div/dep/mar,25,skilled,good
387,no checking,existing paid,radio/tv,1126,no known savings,female div/dep/mar,21,skilled,good
388,0<=X<200,critical/other existing credit,furniture/equipment,7374,<100,male single,40,high qualif/self emp/mgmt,good
389,0<=X<200,critical/other existing credit,business,2326,500<=X<1000,male single,27,skilled,good
390,no checking,existing paid,business,1449,<100,female div/dep/mar,27,skilled,good
391,no checking,existing paid,new car,1820,<100,male mar/wid,30,high qualif/self emp/mgmt,good
392,0<=X<200,existing paid,furniture/equipment,983,>=1000,female div/dep/mar,19,unskilled resident,good
393,<0,existing paid,new car,3249,<100,male single,39,high qualif/self emp/mgmt,good
394,<0,critical/other existing credit,radio/tv,19570,<100,female div/dep/mar,31,skilled,good
395,no checking,critical/other existing credit,furniture/equipment,2406,<100,male single,31,high qualif/self emp/mgmt,good
396,0<=X<200,delayed previously,education,11760,100<=X<500,male single,32,skilled,good
397,<0,existing paid,furniture/equipment,2578,<100,female div/dep/mar,55,high qualif/self emp/mgmt,good
398,<0,critical/other existing credit,furniture/equipment,2348,<100,male mar/wid,46,skilled,good
399,0<=X<200,existing paid,new car,1223,<100,male div/sep,46,skilled,bad
400,no checking,critical/other existing credit,radio/tv,1516,>=1000,female div/dep/mar,43,unskilled resident,good
401,no checking,existing paid,radio/tv,1473,<100,male mar/wid,39,skilled,good
402,0<=X<200,critical/other existing credit,business,1887,no known savings,male mar/wid,28,skilled,good
403,no checking,delayed previously,business,8648,<100,male single,27,skilled,bad
404,no checking,delayed previously,new car,802,<100,male single,27,unskilled resident,good
405,0<=X<200,delayed previously,new car,2899,no known savings,male single,43,skilled,good
406,0<=X<200,existing paid,radio/tv,2039,<100,male mar/wid,22,skilled,bad
407,no checking,critical/other existing credit,used car,2197,no known savings,male single,43,skilled,good
408,<0,existing paid,radio/tv,1053,<100,male mar/wid,27,skilled,good
409,no checking,existing paid,radio/tv,3235,500<=X<1000,male div/sep,26,high qualif/self emp/mgmt,good
410,>=200,critical/other existing credit,new car,939,500<=X<1000,male mar/wid,28,skilled,bad
411,0<=X<200,existing paid,radio/tv,1967,<100,female div/dep/mar,20,skilled,good
412,no checking,critical/other existing credit,used car,7253,<100,male single,35,high qualif/self emp/mgmt,good
413,no checking,critical/other existing credit,business,2292,<100,male single,42,high qualif/self emp/mgmt,bad
414,no checking,existing paid,new car,1597,500<=X<1000,male single,40,unskilled resident,good
415,<0,existing paid,new car,1381,no known savings,female div/dep/mar,35,skilled,bad
416,no checking,critical/other existing credit,used car,5842,<100,male single,35,skilled,good
417,<0,existing paid,new car,2579,<100,male single,33,unskilled resident,bad
418,<0,delayed previously,education,8471,no known savings,female div/dep/mar,23,skilled,good
419,no checking,existing paid,new car,2782,500<=X<1000,female div/dep/mar,31,high qualif/self emp/mgmt,good
420,0<=X<200,existing paid,new car,1042,no known savings,female div/dep/mar,33,skilled,bad
421,no checking,existing paid,new car,3186,>=1000,female div/dep/mar,20,skilled,good
422,0<=X<200,existing paid,used car,2028,no known savings,male single,30,skilled,good
423,0<=X<200,critical/other existing credit,new car,958,<100,male single,47,unskilled resident,good
424,no checking,delayed previously,furniture/equipment,1591,100<=X<500,male single,34,high qualif/self emp/mgmt,good
425,0<=X<200,existing paid,furniture/equipment,2762,no known savings,female div/dep/mar,25,skilled,bad
426,0<=X<200,existing paid,used car,2779,<100,male mar/wid,21,skilled,good
427,no checking,critical/other existing credit,radio/tv,2743,<100,male single,29,skilled,good
428,no checking,critical/other existing credit,radio/tv,1149,>=1000,male single,46,skilled,good
429,no checking,existing paid,furniture/equipment,1313,<100,male single,20,skilled,good
430,<0,critical/other existing credit,repairs,1190,<100,female div/dep/mar,55,unemp/unskilled non res,bad
431,no checking,existing paid,business,3448,<100,male single,74,unskilled resident,good
432,0<=X<200,existing paid,other,11328,<100,male single,29,high qualif/self emp/mgmt,bad
433,<0,critical/other existing credit,furniture/equipment,1872,<100,male single,36,high qualif/self emp/mgmt,good
434,no checking,critical/other existing credit,repairs,2058,<100,male div/sep,33,skilled,good
435,<0,existing paid,furniture/equipment,2136,<100,male single,25,skilled,good
436,0<=X<200,existing paid,radio/tv,1484,no known savings,male mar/wid,25,skilled,bad
437,no checking,existing paid,repairs,660,500<=X<1000,male mar/wid,23,unskilled resident,good
438,no checking,critical/other existing credit,new car,1287,>=1000,female div/dep/mar,37,skilled,good
439,<0,critical/other existing credit,repairs,3394,<100,male single,65,unemp/unskilled non res,good
440,>=200,all paid,business,609,<100,female div/dep/mar,26,unemp/unskilled non res,bad
441,no checking,existing paid,new car,1884,<100,male single,39,high qualif/self emp/mgmt,good
442,<0,existing paid,furniture/equipment,1620,<100,female div/dep/mar,30,skilled,good
443,0<=X<200,delayed previously,other,2629,<100,male single,29,skilled,good
444,no checking,existing paid,education,719,<100,male single,41,unskilled resident,bad
445,0<=X<200,critical/other existing credit,furniture/equipment,5096,<100,female div/dep/mar,30,high qualif/self emp/mgmt,bad
446,no checking,critical/other existing credit,education,1244,no known savings,female div/dep/mar,41,unskilled resident,good
447,<0,existing paid,new car,1842,<100,female div/dep/mar,34,skilled,bad
448,0<=X<200,existing paid,radio/tv,2576,<100,male single,35,skilled,good
449,>=200,existing paid,furniture/equipment,1424,no known savings,female div/dep/mar,55,high qualif/self emp/mgmt,good
450,0<=X<200,delayed previously,repairs,1512,>=1000,male mar/wid,61,skilled,bad
451,no checking,critical/other existing credit,used car,11054,no known savings,male single,30,high qualif/self emp/mgmt,good
452,no checking,existing paid,radio/tv,518,<100,female div/dep/mar,29,skilled,good
453,no checking,no credits/all paid,furniture/equipment,2759,<100,male single,34,skilled,good
454,no checking,existing paid,used car,2670,<100,male single,35,high qualif/self emp/mgmt,good
455,<0,existing paid,new car,4817,<100,male single,31,skilled,bad
456,no checking,existing paid,used car,2679,<100,female div/dep/mar,29,high qualif/self emp/mgmt,good
457,<0,critical/other existing credit,new car,3905,<100,male single,36,skilled,good
458,<0,existing paid,used car,3386,<100,male single,35,skilled,bad
459,<0,existing paid,domestic appliance,343,<100,female div/dep/mar,27,skilled,good
460,no checking,existing paid,radio/tv,4594,<100,male single,32,skilled,good
461,<0,existing paid,furniture/equipment,3620,<100,male single,37,skilled,good
462,<0,existing paid,new car,1721,<100,male single,36,skilled,good
463,0<=X<200,existing paid,furniture/equipment,3017,<100,female div/dep/mar,34,high qualif/self emp/mgmt,good
464,0<=X<200,existing paid,retraining,754,no known savings,male single,38,skilled,good
465,no checking,existing paid,business,1950,<100,male single,34,skilled,good
466,<0,existing paid,used car,2924,<100,male single,63,skilled,good
467,<0,delayed previously,radio/tv,1659,<100,female div/dep/mar,29,unskilled resident,bad
468,no checking,delayed previously,radio/tv,7238,no known savings,male single,32,skilled,good
469,no checking,delayed previously,business,2764,<100,female div/dep/mar,26,skilled,good
470,no checking,delayed previously,used car,4679,<100,male single,35,unskilled resident,good
471,0<=X<200,existing paid,radio/tv,3092,100<=X<500,male mar/wid,22,skilled,bad
472,<0,existing paid,education,448,<100,female div/dep/mar,23,skilled,bad
473,<0,existing paid,new car,654,<100,male single,28,unskilled resident,bad
474,no checking,existing paid,retraining,1238,no known savings,male single,36,high qualif/self emp/mgmt,good
475,0<=X<200,critical/other existing credit,radio/tv,1245,<100,male mar/wid,33,skilled,bad
476,<0,no credits/all paid,furniture/equipment,3114,<100,female div/dep/mar,26,skilled,bad
477,no checking,existing paid,used car,2569,500<=X<1000,male single,19,skilled,good
478,>=200,existing paid,radio/tv,5152,<100,male single,25,skilled,good
479,0<=X<200,existing paid,business,1037,100<=X<500,male single,39,unskilled resident,good
480,<0,critical/other existing credit,furniture/equipment,1478,<100,male single,44,skilled,good
481,0<=X<200,critical/other existing credit,radio/tv,3573,<100,female div/dep/mar,23,unskilled resident,good
482,0<=X<200,existing paid,new car,1201,<100,male single,26,skilled,good
483,<0,existing paid,furniture/equipment,3622,>=1000,female div/dep/mar,57,skilled,good
484,no checking,delayed previously,furniture/equipment,960,>=1000,female div/dep/mar,30,skilled,good
485,no checking,critical/other existing credit,new car,1163,500<=X<1000,male single,44,skilled,good
486,0<=X<200,delayed previously,new car,1209,<100,male single,47,high qualif/self emp/mgmt,bad
487,no checking,existing paid,radio/tv,3077,<100,male single,52,skilled,good
488,no checking,existing paid,new car,3757,<100,female div/dep/mar,62,skilled,good
489,no checking,existing paid,new car,1418,100<=X<500,male single,35,unskilled resident,good
490,no checking,existing paid,new car,3518,<100,male single,26,skilled,good
491,no checking,critical/other existing credit,radio/tv,1934,<100,male single,26,skilled,good
492,0<=X<200,no credits/all paid,business,8318,<100,female div/dep/mar,42,high qualif/self emp/mgmt,bad
493,no checking,critical/other existing credit,radio/tv,1237,100<=X<500,female div/dep/mar,27,skilled,good
494,0<=X<200,existing paid,radio/tv,368,no known savings,male single,38,skilled,good
495,<0,critical/other existing credit,new car,2122,<100,male single,39,unskilled resident,good
496,<0,existing paid,furniture/equipment,2996,no known savings,male mar/wid,20,skilled,bad
497,0<=X<200,existing paid,furniture/equipment,9034,100<=X<500,male single,29,high qualif/self emp/mgmt,bad
498,no checking,critical/other existing credit,furniture/equipment,1585,<100,male single,40,skilled,good
499,0<=X<200,existing paid,radio/tv,1301,<100,male mar/wid,32,unskilled resident,good
500,>=200,critical/other existing credit,new car,1323,100<=X<500,male div/sep,28,skilled,good
501,<0,existing paid,new car,3123,<100,female div/dep/mar,27,skilled,bad
502,<0,existing paid,used car,5493,<100,male single,42,skilled,good
503,>=200,existing paid,radio/tv,1126,100<=X<500,male div/sep,49,skilled,good
504,0<=X<200,critical/other existing credit,radio/tv,1216,100<=X<500,male single,38,skilled,bad
505,<0,existing paid,new car,1207,<100,female div/dep/mar,24,skilled,bad
506,no checking,existing paid,new car,1309,no known savings,male single,27,unskilled resident,bad
507,>=200,critical/other existing credit,used car,2360,500<=X<1000,male single,36,skilled,good
508,0<=X<200,all paid,new car,6850,100<=X<500,male single,34,high qualif/self emp/mgmt,bad
509,no checking,existing paid,radio/tv,1413,<100,male mar/wid,28,skilled,good
510,no checking,existing paid,used car,8588,100<=X<500,male single,45,high qualif/self emp/mgmt,good
511,<0,existing paid,new car,759,<100,male single,26,skilled,bad
512,no checking,existing paid,used car,4686,<100,male single,32,high qualif/self emp/mgmt,good
513,>=200,existing paid,business,2687,<100,male single,26,skilled,good
514,0<=X<200,delayed previously,radio/tv,585,<100,male mar/wid,20,skilled,good
515,no checking,existing paid,new car,2255,no known savings,male single,54,skilled,good
516,<0,critical/other existing credit,new car,609,<100,female div/dep/mar,37,skilled,good
517,<0,critical/other existing credit,new car,1361,<100,male single,40,unskilled resident,good
518,no checking,critical/other existing credit,furniture/equipment,7127,<100,female div/dep/mar,23,skilled,bad
519,<0,existing paid,new car,1203,100<=X<500,male single,43,skilled,good
520,no checking,critical/other existing credit,radio/tv,700,no known savings,male single,36,skilled,good
521,no checking,critical/other existing credit,repairs,5507,<100,male single,44,skilled,good
522,<0,existing paid,radio/tv,3190,<100,female div/dep/mar,24,skilled,bad
523,<0,no credits/all paid,furniture/equipment,7119,<100,male single,53,skilled,bad
524,no checking,existing paid,used car,3488,100<=X<500,female div/dep/mar,23,skilled,good
525,0<=X<200,existing paid,radio/tv,1113,<100,female div/dep/mar,26,unskilled resident,good
526,0<=X<200,existing paid,used car,7966,<100,male single,30,skilled,good
527,no checking,critical/other existing credit,education,1532,100<=X<500,female div/dep/mar,31,skilled,good
528,no checking,critical/other existing credit,radio/tv,15030,<100,male single,42,unskilled resident,good
529,<0,existing paid,radio/tv,2302,<100,male div/sep,31,skilled,bad
530,<0,existing paid,new car,662,<100,male single,41,unskilled resident,good
531,0<=X<200,existing paid,education,2273,<100,male single,32,skilled,good
532,0<=X<200,existing paid,new car,2631,100<=X<500,female div/dep/mar,28,skilled,bad
533,no checking,delayed previously,used car,1503,<100,male mar/wid,41,skilled,good
534,no checking,existing paid,radio/tv,1311,100<=X<500,male mar/wid,26,skilled,good
535,no checking,existing paid,radio/tv,3105,no known savings,male single,25,skilled,good
536,>=200,critical/other existing credit,education,2319,<100,male div/sep,33,skilled,bad
537,<0,existing paid,new car,1374,no known savings,female div/dep/mar,75,high qualif/self emp/mgmt,good
538,0<=X<200,critical/other existing credit,furniture/equipment,3612,<100,female div/dep/mar,37,skilled,good
539,<0,existing paid,new car,7763,<100,male single,42,high qualif/self emp/mgmt,bad
540,>=200,existing paid,furniture/equipment,3049,<100,female div/dep/mar,45,unskilled resident,good
541,0<=X<200,existing paid,radio/tv,1534,<100,male mar/wid,23,skilled,bad
542,no checking,delayed previously,new car,2032,<100,male single,60,skilled,good
543,<0,existing paid,furniture/equipment,6350,no known savings,male single,31,skilled,bad
544,>=200,existing paid,furniture/equipment,2864,<100,male single,34,unskilled resident,bad
545,no checking,critical/other existing credit,new car,1255,<100,male single,61,unskilled resident,good
546,<0,delayed previously,new car,1333,<100,male single,43,skilled,bad
547,no checking,critical/other existing credit,new car,2022,<100,female div/dep/mar,37,skilled,good
548,no checking,existing paid,radio/tv,1552,<100,male single,32,skilled,good
549,<0,all paid,radio/tv,626,<100,female div/dep/mar,24,unskilled resident,bad
550,no checking,critical/other existing credit,used car,8858,no known savings,male single,35,skilled,good
551,no checking,critical/other existing credit,repairs,996,no known savings,female div/dep/mar,23,skilled,good
552,no checking,all paid,radio/tv,1750,500<=X<1000,male single,45,unskilled resident,good
553,<0,existing paid,radio/tv,6999,<100,male mar/wid,34,skilled,bad
554,0<=X<200,critical/other existing credit,new car,1995,100<=X<500,male single,27,skilled,good
555,0<=X<200,existing paid,education,1199,<100,female div/dep/mar,67,high qualif/self emp/mgmt,good
556,0<=X<200,existing paid,radio/tv,1331,<100,male single,22,skilled,bad
557,0<=X<200,no credits/all paid,new car,2278,100<=X<500,female div/dep/mar,28,skilled,bad
558,no checking,no credits/all paid,new car,5003,no known savings,female div/dep/mar,29,skilled,bad
559,<0,all paid,furniture/equipment,3552,<100,male single,27,skilled,bad
560,0<=X<200,critical/other existing credit,furniture/equipment,1928,<100,male single,31,unskilled resident,bad
561,<0,existing paid,used car,2964,no known savings,male single,49,skilled,good
562,<0,all paid,radio/tv,1546,<100,male single,24,unskilled resident,bad
563,>=200,delayed previously,radio/tv,683,<100,female div/dep/mar,29,skilled,good
564,0<=X<200,existing paid,new car,12389,no known savings,male single,37,skilled,bad
565,0<=X<200,delayed previously,business,4712,no known savings,male single,37,high qualif/self emp/mgmt,good
566,0<=X<200,delayed previously,radio/tv,1553,100<=X<500,female div/dep/mar,23,skilled,good
567,<0,existing paid,new car,1372,<100,male div/sep,36,skilled,bad
568,no checking,critical/other existing credit,radio/tv,2578,>=1000,male single,34,skilled,good
569,0<=X<200,existing paid,radio/tv,3979,no known savings,male single,41,skilled,good
570,<0,existing paid,radio/tv,6758,<100,female div/dep/mar,31,skilled,bad
571,<0,existing paid,furniture/equipment,3234,<100,female div/dep/mar,23,unskilled resident,bad
572,no checking,critical/other existing credit,radio/tv,5954,<100,male single,38,skilled,good
573,no checking,existing paid,used car,5433,no known savings,female div/dep/mar,26,high qualif/self emp/mgmt,good
574,<0,existing paid,business,806,<100,female div/dep/mar,22,unskilled resident,good
575,0<=X<200,existing paid,radio/tv,1082,<100,male single,27,unskilled resident,good
576,no checking,critical/other existing credit,furniture/equipment,2788,<100,female div/dep/mar,24,skilled,good
577,0<=X<200,existing paid,radio/tv,2930,<100,female div/dep/mar,27,skilled,good
578,no checking,critical/other existing credit,education,1927,no known savings,female div/dep/mar,33,skilled,good
579,0<=X<200,critical/other existing credit,new car,2820,<100,male div/sep,27,skilled,bad
580,no checking,existing paid,retraining,937,<100,male mar/wid,27,unskilled resident,good
581,0<=X<200,critical/other existing credit,new car,1056,<100,male single,30,skilled,bad
582,0<=X<200,critical/other existing credit,new car,3124,<100,male single,49,unskilled resident,good
583,no checking,existing paid,furniture/equipment,1388,<100,female div/dep/mar,26,skilled,good
584,0<=X<200,existing paid,repairs,2384,<100,male single,33,unskilled resident,bad
585,no checking,existing paid,new car,2133,no known savings,female div/dep/mar,52,high qualif/self emp/mgmt,good
586,<0,existing paid,furniture/equipment,2039,<100,female div/dep/mar,20,skilled,bad
587,<0,critical/other existing credit,new car,2799,<100,male single,36,skilled,good
588,<0,existing paid,furniture/equipment,1289,<100,male single,21,unskilled resident,good
589,<0,existing paid,domestic appliance,1217,<100,male mar/wid,47,unskilled resident,bad
590,<0,critical/other existing credit,furniture/equipment,2246,<100,male single,60,skilled,bad
591,<0,critical/other existing credit,radio/tv,385,<100,female div/dep/mar,58,unskilled resident,good
592,0<=X<200,delayed previously,new car,1965,no known savings,female div/dep/mar,42,skilled,good
593,no checking,existing paid,business,1572,>=1000,female div/dep/mar,36,unskilled resident,good
594,0<=X<200,existing paid,new car,2718,<100,female div/dep/mar,20,unskilled resident,bad
595,<0,all paid,other,1358,no known savings,male single,40,high qualif/self emp/mgmt,bad
596,0<=X<200,all paid,new car,931,100<=X<500,female div/dep/mar,32,unskilled resident,bad
597,<0,existing paid,new car,1442,<100,female div/dep/mar,23,skilled,bad
598,0<=X<200,no credits/all paid,business,4241,<100,male single,36,unskilled resident,bad
599,no checking,critical/other existing credit,new car,2775,<100,male single,31,skilled,bad
600,no checking,delayed previously,business,3863,<100,male single,32,skilled,good
601,0<=X<200,existing paid,radio/tv,2329,<100,female div/dep/mar,45,skilled,good
602,0<=X<200,existing paid,furniture/equipment,918,<100,female div/dep/mar,30,skilled,bad
603,0<=X<200,all paid,education,1837,<100,female div/dep/mar,34,unskilled resident,bad
604,no checking,existing paid,furniture/equipment,3349,<100,female div/dep/mar,28,high qualif/self emp/mgmt,bad
605,>=200,existing paid,furniture/equipment,1275,<100,female div/dep/mar,23,skilled,good
606,<0,all paid,furniture/equipment,2828,500<=X<1000,male single,22,skilled,good
607,no checking,critical/other existing credit,business,4526,<100,male single,74,high qualif/self emp/mgmt,good
608,0<=X<200,existing paid,radio/tv,2671,100<=X<500,female div/dep/mar,50,skilled,bad
609,no checking,existing paid,radio/tv,2051,<100,male single,33,skilled,good
610,no checking,existing paid,used car,1300,no known savings,male single,45,skilled,good
611,<0,existing paid,domestic appliance,741,100<=X<500,female div/dep/mar,22,skilled,bad
612,>=200,existing paid,new car,1240,100<=X<500,female div/dep/mar,48,unskilled resident,bad
613,<0,existing paid,radio/tv,3357,>=1000,female div/dep/mar,29,skilled,good
614,<0,all paid,used car,3632,<100,female div/dep/mar,22,skilled,good
615,no checking,delayed previously,furniture/equipment,1808,<100,female div/dep/mar,22,skilled,bad
616,0<=X<200,no credits/all paid,business,12204,no known savings,male single,48,high qualif/self emp/mgmt,good
617,0<=X<200,delayed previously,radio/tv,9157,no known savings,male single,27,high qualif/self emp/mgmt,good
618,<0,critical/other existing credit,new car,3676,<100,male single,37,skilled,good
619,0<=X<200,existing paid,furniture/equipment,3441,100<=X<500,female div/dep/mar,21,skilled,bad
620,no checking,existing paid,new car,640,<100,male div/sep,49,unskilled resident,good
621,0<=X<200,critical/other existing credit,business,3652,<100,male single,27,skilled,good
622,no checking,critical/other existing credit,new car,1530,<100,male single,32,skilled,bad
623,no checking,existing paid,business,3914,no known savings,male div/sep,38,skilled,bad
624,<0,existing paid,furniture/equipment,1858,<100,female div/dep/mar,22,skilled,good
625,<0,existing paid,radio/tv,2600,<100,male single,65,skilled,bad
626,no checking,existing paid,radio/tv,19790,no known savings,male single,35,skilled,good
627,>=200,existing paid,furniture/equipment,2116,<100,male single,41,skilled,good
628,0<=X<200,all paid,new car,1437,100<=X<500,male single,29,skilled,bad
629,no checking,critical/other existing credit,furniture/equipment,4042,500<=X<1000,male single,36,skilled,good
630,no checking,existing paid,education,3832,no known savings,male single,64,unskilled resident,good
631,<0,existing paid,radio/tv,3660,<100,female div/dep/mar,28,skilled,good
632,<0,all paid,furniture/equipment,1553,<100,male single,44,skilled,bad
633,0<=X<200,existing paid,radio/tv,1444,no known savings,male single,23,skilled,good
634,no checking,existing paid,furniture/equipment,1980,<100,female div/dep/mar,19,skilled,bad
635,0<=X<200,existing paid,new car,1355,<100,female div/dep/mar,25,unskilled resident,bad
636,no checking,existing paid,education,13930,<100,male single,47,skilled,good
637,no checking,existing paid,radio/tv,1376,500<=X<1000,female div/dep/mar,28,skilled,good
638,no checking,delayed previously,radio/tv,15653,<100,male single,21,skilled,good
639,no checking,existing paid,radio/tv,1493,<100,female div/dep/mar,34,skilled,good
640,<0,delayed previously,radio/tv,4370,<100,male single,26,skilled,bad
641,<0,existing paid,education,750,<100,female div/dep/mar,27,unemp/unskilled non res,bad
642,0<=X<200,existing paid,repairs,1308,<100,male single,38,unskilled resident,good
643,no checking,existing paid,education,4623,100<=X<500,male single,40,high qualif/self emp/mgmt,bad
644,no checking,critical/other existing credit,radio/tv,1851,<100,male mar/wid,33,skilled,good
645,<0,critical/other existing credit,radio/tv,1880,<100,male mar/wid,32,high qualif/self emp/mgmt,good
646,no checking,delayed previously,business,7980,no known savings,male single,27,skilled,bad
647,<0,no credits/all paid,furniture/equipment,4583,<100,male div/sep,32,skilled,good
648,no checking,existing paid,new car,1386,500<=X<1000,female div/dep/mar,26,skilled,bad
649,>=200,existing paid,new car,947,<100,male single,38,skilled,bad
650,<0,existing paid,education,684,<100,male single,40,unskilled resident,bad
651,<0,existing paid,education,7476,<100,male single,50,high qualif/self emp/mgmt,good
652,0<=X<200,existing paid,furniture/equipment,1922,<100,male single,37,unskilled resident,bad
653,<0,existing paid,new car,2303,<100,male single,45,skilled,bad
654,0<=X<200,delayed previously,new car,8086,100<=X<500,male single,42,high qualif/self emp/mgmt,bad
655,no checking,critical/other existing credit,used car,2346,<100,male single,35,skilled,good
656,<0,existing paid,new car,3973,<100,male single,22,skilled,good
657,0<=X<200,existing paid,new car,888,<100,male single,41,unskilled resident,bad
658,no checking,existing paid,radio/tv,10222,no known savings,male single,37,skilled,good
659,0<=X<200,no credits/all paid,business,4221,<100,female div/dep/mar,28,skilled,good
660,0<=X<200,critical/other existing credit,furniture/equipment,6361,<100,male single,41,skilled,good
661,>=200,existing paid,radio/tv,1297,<100,male mar/wid,23,skilled,good
662,<0,existing paid,new car,900,no known savings,male mar/wid,23,skilled,bad
663,no checking,existing paid,furniture/equipment,2241,<100,male single,50,skilled,good
664,0<=X<200,delayed previously,furniture/equipment,1050,<100,male single,35,high qualif/self emp/mgmt,good
665,>=200,critical/other existing credit,education,1047,<100,female div/dep/mar,50,unskilled resident,good
666,no checking,critical/other existing credit,other,6314,<100,male single,27,high qualif/self emp/mgmt,good
667,0<=X<200,all paid,furniture/equipment,3496,>=1000,male single,34,skilled,good
668,no checking,all paid,business,3609,<100,female div/dep/mar,27,skilled,good
669,<0,critical/other existing credit,new car,48,<100,male single,43,skilled,bad
670,>=200,critical/other existing credit,radio/tv,3017,<100,male single,47,skilled,good
671,no checking,critical/other existing credit,business,4139,100<=X<500,male single,27,unskilled resident,good
672,no checking,existing paid,business,5742,100<=X<500,male single,31,skilled,good
673,no checking,existing paid,new car,10366,<100,male single,42,high qualif/self emp/mgmt,good
674,no checking,critical/other existing credit,new car,2080,500<=X<1000,male mar/wid,24,skilled,good
675,no checking,delayed previously,business,2580,500<=X<1000,male single,41,unskilled resident,bad
676,no checking,critical/other existing credit,radio/tv,4530,<100,female div/dep/mar,26,high qualif/self emp/mgmt,good
677,no checking,critical/other existing credit,furniture/equipment,5150,<100,male single,33,skilled,good
678,0<=X<200,existing paid,radio/tv,5595,100<=X<500,male mar/wid,24,skilled,bad
679,<0,existing paid,radio/tv,2384,<100,male single,64,unskilled resident,good
680,no checking,existing paid,radio/tv,1453,<100,female div/dep/mar,26,skilled,good
681,no checking,existing paid,education,1538,<100,female div/dep/mar,56,skilled,good
682,no checking,existing paid,radio/tv,2279,no known savings,male single,37,skilled,good
683,no checking,delayed previously,radio/tv,1478,<100,male mar/wid,33,skilled,good
684,no checking,critical/other existing credit,radio/tv,5103,<100,male mar/wid,47,skilled,good
685,0<=X<200,delayed previously,business,9857,100<=X<500,male single,31,unskilled resident,good
686,no checking,existing paid,new car,6527,no known savings,male single,34,skilled,good
687,>=200,critical/other existing credit,radio/tv,1347,no known savings,male single,27,skilled,good
688,0<=X<200,delayed previously,new car,55,100<=X<500,male single,30,skilled,good
689,no checking,existing paid,radio/tv,2753,100<=X<500,male single,35,skilled,good
690,<0,existing paid,new car,3651,>=1000,male single,31,skilled,good
691,<0,critical/other existing credit,furniture/equipment,975,<100,male div/sep,25,skilled,good
692,0<=X<200,existing paid,repairs,2631,100<=X<500,female div/dep/mar,25,unskilled resident,good
693,0<=X<200,existing paid,radio/tv,2896,100<=X<500,male single,29,skilled,good
694,<0,critical/other existing credit,new car,4716,no known savings,male single,44,unskilled resident,good
695,no checking,existing paid,radio/tv,2284,<100,male single,28,skilled,good
696,no checking,existing paid,used car,1236,500<=X<1000,male single,50,skilled,good
697,0<=X<200,existing paid,radio/tv,1103,<100,male single,29,skilled,good
698,no checking,critical/other existing credit,new car,926,<100,female div/dep/mar,38,unemp/unskilled non res,good
699,no checking,critical/other existing credit,radio/tv,1800,<100,male single,24,skilled,good
700,>=200,existing paid,education,1905,<100,male single,40,high qualif/self emp/mgmt,good
701,no checking,existing paid,furniture/equipment,1123,500<=X<1000,female div/dep/mar,29,unskilled resident,bad
702,<0,critical/other existing credit,used car,6331,<100,male single,46,skilled,bad
703,>=200,existing paid,radio/tv,1377,100<=X<500,female div/dep/mar,47,skilled,good
704,0<=X<200,delayed previously,business,2503,100<=X<500,male single,41,skilled,good
705,0<=X<200,existing paid,business,2528,<100,female div/dep/mar,32,skilled,good
706,no checking,existing paid,new car,5324,500<=X<1000,female div/dep/mar,35,skilled,good
707,0<=X<200,existing paid,new car,6560,100<=X<500,male single,24,skilled,bad
708,0<=X<200,no credits/all paid,furniture/equipment,2969,<100,female div/dep/mar,25,skilled,bad
709,0<=X<200,existing paid,radio/tv,1206,<100,female div/dep/mar,25,skilled,good
710,0<=X<200,existing paid,radio/tv,2118,<100,male single,37,unskilled resident,good
711,no checking,critical/other existing credit,radio/tv,629,500<=X<1000,male single,32,high qualif/self emp/mgmt,good
712,<0,all paid,education,1198,<100,female div/dep/mar,35,skilled,bad
713,no checking,existing paid,used car,2476,no known savings,male single,46,high qualif/self emp/mgmt,good
714,<0,critical/other existing credit,radio/tv,1138,<100,male single,25,unskilled resident,good
715,0<=X<200,existing paid,new car,14027,<100,male single,27,high qualif/self emp/mgmt,bad
716,no checking,critical/other existing credit,used car,7596,no known savings,male single,63,skilled,good
717,no checking,critical/other existing credit,radio/tv,3077,no known savings,male single,40,skilled,good
718,no checking,existing paid,radio/tv,1505,<100,male single,32,high qualif/self emp/mgmt,good
719,>=200,critical/other existing credit,radio/tv,3148,no known savings,male single,31,skilled,good
720,0<=X<200,no credits/all paid,used car,6148,100<=X<500,male mar/wid,31,skilled,good
721,>=200,no credits/all paid,radio/tv,1337,<100,male single,34,high qualif/self emp/mgmt,bad
722,0<=X<200,all paid,education,433,>=1000,female div/dep/mar,24,skilled,bad
723,<0,existing paid,new car,1228,<100,female div/dep/mar,24,unskilled resident,bad
724,0<=X<200,existing paid,radio/tv,790,500<=X<1000,female div/dep/mar,66,unskilled resident,good
725,no checking,existing paid,new car,2570,<100,female div/dep/mar,21,skilled,bad
726,no checking,critical/other existing credit,new car,250,>=1000,female div/dep/mar,41,unskilled resident,good
727,no checking,critical/other existing credit,radio/tv,1316,500<=X<1000,male mar/wid,47,unskilled resident,good
728,<0,existing paid,radio/tv,1882,<100,female div/dep/mar,25,skilled,bad
729,0<=X<200,all paid,business,6416,<100,female div/dep/mar,59,skilled,bad
730,>=200,critical/other existing credit,business,1275,>=1000,male div/sep,36,skilled,good
731,0<=X<200,delayed previously,radio/tv,6403,<100,male single,33,skilled,good
732,<0,existing paid,radio/tv,1987,<100,male single,21,unskilled resident,bad
733,0<=X<200,existing paid,radio/tv,760,<100,female div/dep/mar,44,unskilled resident,good
734,no checking,existing paid,used car,2603,>=1000,female div/dep/mar,28,skilled,good
735,no checking,critical/other existing credit,new car,3380,<100,female div/dep/mar,37,skilled,good
736,0<=X<200,all paid,domestic appliance,3990,no known savings,female div/dep/mar,29,unemp/unskilled non res,good
737,0<=X<200,existing paid,used car,11560,<100,female div/dep/mar,23,high qualif/self emp/mgmt,bad
738,<0,existing paid,new car,4380,100<=X<500,male single,35,unskilled resident,good
739,no checking,critical/other existing credit,new car,6761,<100,male single,45,high qualif/self emp/mgmt,good
740,0<=X<200,no credits/all paid,business,4280,100<=X<500,female div/dep/mar,26,unskilled resident,bad
741,<0,all paid,new car,2325,100<=X<500,male single,32,skilled,good
742,0<=X<200,all paid,radio/tv,1048,<100,male single,23,unskilled resident,good
743,no checking,existing paid,radio/tv,3160,no known savings,male single,41,skilled,good
744,<0,all paid,furniture/equipment,24830,500<=X<1000,male single,22,skilled,good
745,<0,critical/other existing credit,furniture/equipment,14179,no known savings,male single,30,high qualif/self emp/mgmt,good
746,<0,critical/other existing credit,business,1797,<100,male single,28,unskilled resident,good
747,<0,existing paid,new car,2511,<100,female div/dep/mar,23,skilled,good
748,<0,existing paid,new car,1274,<100,female div/dep/mar,37,unskilled resident,bad
749,no checking,existing paid,used car,5248,no known savings,male single,26,skilled,good
750,no checking,existing paid,used car,3029,<100,male single,33,skilled,good
751,<0,existing paid,furniture/equipment,428,<100,female div/dep/mar,49,skilled,good
752,<0,existing paid,new car,976,<100,female div/dep/mar,23,unskilled resident,bad
753,0<=X<200,existing paid,business,841,100<=X<500,female div/dep/mar,23,unskilled resident,good
754,no checking,critical/other existing credit,radio/tv,5771,<100,female div/dep/mar,25,skilled,good
755,no checking,delayed previously,repairs,1555,>=1000,male single,55,skilled,bad
756,<0,existing paid,new car,1285,no known savings,female div/dep/mar,32,skilled,bad
757,>=200,critical/other existing credit,new car,1299,<100,male single,74,unemp/unskilled non res,good
758,>=200,critical/other existing credit,radio/tv,1271,no known savings,male single,39,skilled,bad
759,no checking,existing paid,new car,1393,<100,male single,31,skilled,good
760,<0,critical/other existing credit,new car,691,<100,male single,35,skilled,bad
761,no checking,critical/other existing credit,new car,5045,no known savings,female div/dep/mar,59,skilled,good
762,<0,critical/other existing credit,furniture/equipment,2124,<100,female div/dep/mar,19,skilled,bad
763,<0,existing paid,radio/tv,2214,<100,male single,24,unskilled resident,good
764,no checking,critical/other existing credit,new car,12680,no known savings,male single,30,high qualif/self emp/mgmt,bad
765,no checking,critical/other existing credit,new car,2463,100<=X<500,male mar/wid,27,skilled,good
766,0<=X<200,existing paid,radio/tv,1155,<100,male mar/wid,40,unskilled resident,good
767,<0,existing paid,furniture/equipment,3108,<100,male div/sep,31,unskilled resident,bad
768,no checking,existing paid,used car,2901,no known savings,female div/dep/mar,31,skilled,good
769,0<=X<200,critical/other existing credit,furniture/equipment,3617,<100,male single,28,skilled,good
770,no checking,critical/other existing credit,radio/tv,1655,<100,male single,63,unskilled resident,good
771,<0,existing paid,used car,2812,no known savings,female div/dep/mar,26,skilled,good
772,<0,critical/other existing credit,education,8065,<100,female div/dep/mar,25,high qualif/self emp/mgmt,bad
773,no checking,critical/other existing credit,used car,3275,<100,male single,36,high qualif/self emp/mgmt,good
774,no checking,critical/other existing credit,radio/tv,2223,100<=X<500,male single,52,skilled,good
775,>=200,critical/other existing credit,new car,1480,500<=X<1000,male single,66,unemp/unskilled non res,good
776,<0,existing paid,new car,1371,no known savings,female div/dep/mar,25,skilled,bad
777,no checking,critical/other existing credit,new car,3535,<100,male single,37,skilled,good
778,<0,existing paid,radio/tv,3509,<100,female div/dep/mar,25,skilled,good
779,no checking,critical/other existing credit,used car,5711,>=1000,male single,38,high qualif/self emp/mgmt,good
780,0<=X<200,existing paid,repairs,3872,<100,female div/dep/mar,67,skilled,good
781,0<=X<200,critical/other existing credit,radio/tv,4933,<100,male single,25,skilled,bad
782,no checking,critical/other existing credit,new car,1940,>=1000,male single,60,skilled,good
783,0<=X<200,no credits/all paid,retraining,1410,<100,male single,31,unskilled resident,good
784,0<=X<200,existing paid,new car,836,100<=X<500,female div/dep/mar,23,unskilled resident,bad
785,0<=X<200,existing paid,used car,6468,no known savings,male div/sep,60,high qualif/self emp/mgmt,good
786,0<=X<200,existing paid,business,1941,>=1000,male single,35,unskilled resident,good
787,no checking,existing paid,radio/tv,2675,500<=X<1000,male single,40,skilled,good
788,no checking,critical/other existing credit,used car,2751,no known savings,male single,38,skilled,good
789,0<=X<200,delayed previously,education,62240,<100,male single,50,skilled,bad
790,<0,critical/other existing credit,education,5998,<100,male single,27,skilled,bad
791,0<=X<200,existing paid,business,1188,<100,female div/dep/mar,39,skilled,bad
792,no checking,existing paid,used car,6313,no known savings,male single,41,high qualif/self emp/mgmt,good
793,no checking,critical/other existing credit,furniture/equipment,1221,no known savings,male mar/wid,27,skilled,good
794,>=200,existing paid,furniture/equipment,2892,<100,male div/sep,51,skilled,good
795,no checking,existing paid,furniture/equipment,3062,500<=X<1000,male single,32,skilled,good
796,no checking,existing paid,furniture/equipment,2301,100<=X<500,female div/dep/mar,22,skilled,good
797,<0,existing paid,used car,7511,no known savings,male single,51,skilled,bad
798,no checking,critical/other existing credit,furniture/equipment,1258,<100,female div/dep/mar,22,unskilled resident,good
799,no checking,delayed previously,new car,717,no known savings,male mar/wid,54,skilled,good
800,0<=X<200,existing paid,new car,1549,no known savings,male single,35,unemp/unskilled non res,good
801,no checking,critical/other existing credit,education,1597,<100,male single,54,skilled,good
802,0<=X<200,critical/other existing credit,radio/tv,1795,<100,female div/dep/mar,48,unskilled resident,good
803,<0,critical/other existing credit,furniture/equipment,4272,<100,female div/dep/mar,24,skilled,good
804,no checking,critical/other existing credit,radio/tv,976,no known savings,male single,35,skilled,good
805,0<=X<200,existing paid,new car,7472,no known savings,female div/dep/mar,24,unemp/unskilled non res,good
806,<0,existing paid,new car,9271,<100,male single,24,skilled,bad
807,0<=X<200,existing paid,radio/tv,590,<100,male mar/wid,26,unskilled resident,good
808,no checking,critical/other existing credit,radio/tv,930,no known savings,male single,65,skilled,good
809,0<=X<200,all paid,used car,9283,<100,male single,55,high qualif/self emp/mgmt,good
810,0<=X<200,no credits/all paid,new car,1778,<100,female div/dep/mar,26,unemp/unskilled non res,bad
811,0<=X<200,existing paid,business,907,<100,male mar/wid,26,skilled,good
812,0<=X<200,existing paid,radio/tv,484,<100,male mar/wid,28,unskilled resident,good
813,<0,critical/other existing credit,used car,9629,<100,male single,24,skilled,bad
814,<0,existing paid,domestic appliance,3051,<100,male single,54,skilled,bad
815,<0,existing paid,new car,3931,<100,male single,46,skilled,bad
816,0<=X<200,delayed previously,new car,7432,<100,female div/dep/mar,54,skilled,good
817,no checking,existing paid,domestic appliance,1338,500<=X<1000,male div/sep,62,skilled,good
818,no checking,critical/other existing credit,radio/tv,1554,<100,female div/dep/mar,24,skilled,good
819,<0,existing paid,other,15857,<100,male div/sep,43,high qualif/self emp/mgmt,good
820,<0,existing paid,radio/tv,1345,<100,male mar/wid,26,skilled,bad
821,no checking,existing paid,new car,1101,<100,male mar/wid,27,skilled,good
822,>=200,existing paid,radio/tv,3016,<100,male mar/wid,24,skilled,good
823,<0,existing paid,furniture/equipment,2712,<100,male single,41,skilled,bad
824,<0,critical/other existing credit,new car,731,<100,male single,47,unskilled resident,good
825,no checking,critical/other existing credit,furniture/equipment,3780,<100,male div/sep,35,high qualif/self emp/mgmt,good
826,<0,critical/other existing credit,new car,1602,<100,male mar/wid,30,skilled,good
827,<0,critical/other existing credit,new car,3966,<100,female div/dep/mar,33,skilled,bad
828,no checking,no credits/all paid,business,4165,<100,male single,36,skilled,bad
829,<0,existing paid,used car,8335,no known savings,male single,47,skilled,bad
830,0<=X<200,delayed previously,business,6681,no known savings,male single,38,skilled,good
831,no checking,delayed previously,business,2375,500<=X<1000,male single,44,skilled,good
832,<0,existing paid,new car,1216,<100,female div/dep/mar,23,skilled,bad
833,<0,no credits/all paid,business,11816,<100,male single,29,skilled,bad
834,0<=X<200,existing paid,radio/tv,5084,no known savings,female div/dep/mar,42,skilled,good
835,>=200,existing paid,radio/tv,2327,<100,female div/dep/mar,25,unskilled resident,bad
836,<0,no credits/all paid,new car,1082,<100,male single,48,skilled,bad
837,no checking,existing paid,radio/tv,886,no known savings,female div/dep/mar,21,skilled,good
838,no checking,existing paid,furniture/equipment,601,<100,female div/dep/mar,23,unskilled resident,good
839,<0,critical/other existing credit,used car,2957,<100,male single,63,skilled,good
840,no checking,critical/other existing credit,radio/tv,2611,<100,male mar/wid,46,skilled,good
841,<0,existing paid,furniture/equipment,5179,<100,male single,29,skilled,bad
842,no checking,delayed previously,used car,2993,<100,male single,28,unskilled resident,good
843,no checking,existing paid,repairs,1943,<100,female div/dep/mar,23,skilled,bad
844,no checking,all paid,business,1559,<100,male single,50,skilled,good
845,no checking,existing paid,furniture/equipment,3422,<100,male single,47,skilled,good
846,0<=X<200,existing paid,furniture/equipment,3976,no known savings,male single,35,skilled,good
847,no checking,existing paid,new car,6761,no known savings,male single,68,skilled,bad
848,no checking,existing paid,new car,1249,<100,male mar/wid,28,skilled,good
849,<0,existing paid,radio/tv,1364,<100,male single,59,skilled,good
850,<0,existing paid,radio/tv,709,<100,male single,57,unskilled resident,bad
851,<0,critical/other existing credit,new car,2235,<100,male mar/wid,33,skilled,bad
852,no checking,critical/other existing credit,used car,4042,no known savings,male single,43,skilled,good
853,no checking,critical/other existing credit,radio/tv,1471,<100,male single,35,skilled,good
854,<0,all paid,new car,1442,<100,male single,32,unskilled resident,bad
855,no checking,delayed previously,new car,10875,<100,male single,45,skilled,good
856,no checking,existing paid,new car,1474,100<=X<500,male mar/wid,33,skilled,good
857,no checking,existing paid,retraining,894,no known savings,female div/dep/mar,40,skilled,good
858,no checking,critical/other existing credit,furniture/equipment,3343,<100,male single,28,skilled,good
859,<0,existing paid,new car,3959,<100,female div/dep/mar,29,skilled,bad
860,no checking,existing paid,new car,3577,100<=X<500,male single,26,skilled,good
861,no checking,critical/other existing credit,used car,5804,>=1000,male single,27,skilled,good
862,no checking,delayed previously,business,2169,<100,male mar/wid,28,skilled,bad
863,<0,existing paid,radio/tv,2439,<100,female div/dep/mar,35,skilled,bad
864,no checking,critical/other existing credit,furniture/equipment,4526,>=1000,male single,32,unskilled resident,good
865,no checking,existing paid,furniture/equipment,2210,<100,male single,25,unskilled resident,bad
866,no checking,existing paid,furniture/equipment,2221,500<=X<1000,female div/dep/mar,20,skilled,good
867,<0,existing paid,radio/tv,2389,<100,female div/dep/mar,27,skilled,good
868,no checking,critical/other existing credit,furniture/equipment,3331,<100,male single,42,skilled,good
869,no checking,existing paid,business,7409,no known savings,male single,37,skilled,good
870,<0,existing paid,furniture/equipment,652,<100,female div/dep/mar,24,skilled,good
871,no checking,delayed previously,furniture/equipment,7678,500<=X<1000,female div/dep/mar,40,skilled,good
872,>=200,critical/other existing credit,new car,1343,<100,male single,46,skilled,good
873,<0,critical/other existing credit,business,1382,100<=X<500,male single,26,skilled,good
874,no checking,existing paid,domestic appliance,874,no known savings,female div/dep/mar,24,skilled,good
875,<0,existing paid,furniture/equipment,3590,<100,male single,29,unskilled resident,good
876,0<=X<200,critical/other existing credit,new car,1322,>=1000,female div/dep/mar,40,skilled,good
877,<0,all paid,radio/tv,1940,<100,male single,36,high qualif/self emp/mgmt,good
878,no checking,existing paid,radio/tv,3595,<100,male single,28,skilled,good
879,<0,existing paid,new car,1422,<100,male single,27,high qualif/self emp/mgmt,bad
880,no checking,critical/other existing credit,radio/tv,6742,no known savings,male single,36,skilled,good
881,no checking,existing paid,used car,7814,<100,male single,38,high qualif/self emp/mgmt,good
882,no checking,existing paid,used car,9277,no known savings,male div/sep,48,skilled,good
883,0<=X<200,critical/other existing credit,new car,2181,no known savings,male single,36,skilled,good
884,no checking,critical/other existing credit,radio/tv,1098,<100,female div/dep/mar,65,unemp/unskilled non res,good
885,0<=X<200,existing paid,furniture/equipment,4057,<100,male div/sep,43,skilled,bad
886,<0,existing paid,education,7999,<100,female div/dep/mar,53,skilled,bad
887,0<=X<200,critical/other existing credit,business,2825,no known savings,male single,34,skilled,good
888,0<=X<200,existing paid,business,15672,<100,male single,23,skilled,bad
889,no checking,critical/other existing credit,new car,6614,<100,male single,34,high qualif/self emp/mgmt,good
890,no checking,all paid,used car,7824,no known savings,male single,40,skilled,good
891,<0,critical/other existing credit,business,2442,<100,male single,43,high qualif/self emp/mgmt,good
892,no checking,critical/other existing credit,radio/tv,1829,<100,male single,46,skilled,good
893,<0,critical/other existing credit,new car,2171,<100,male single,38,unskilled resident,good
894,0<=X<200,critical/other existing credit,used car,5800,<100,male single,34,skilled,good
895,no checking,critical/other existing credit,radio/tv,1169,no known savings,male single,29,skilled,good
896,no checking,delayed previously,used car,89470,no known savings,male single,31,high qualif/self emp/mgmt,good
897,<0,existing paid,radio/tv,2606,<100,female div/dep/mar,28,high qualif/self emp/mgmt,good
898,no checking,critical/other existing credit,furniture/equipment,1592,>=1000,female div/dep/mar,35,skilled,good
899,no checking,existing paid,furniture/equipment,2186,no known savings,female div/dep/mar,33,unskilled resident,good
900,<0,existing paid,furniture/equipment,4153,<100,male single,42,skilled,bad
901,<0,critical/other existing credit,new car,2625,<100,male single,43,skilled,bad
902,no checking,critical/other existing credit,new car,3485,no known savings,male div/sep,44,skilled,good
903,no checking,critical/other existing credit,used car,10477,no known savings,male single,42,skilled,good
904,no checking,existing paid,radio/tv,1386,no known savings,male mar/wid,40,skilled,good
905,no checking,existing paid,radio/tv,1278,<100,male single,36,high qualif/self emp/mgmt,good
906,<0,existing paid,radio/tv,1107,<100,male single,20,high qualif/self emp/mgmt,good
907,<0,existing paid,new car,3763,no known savings,male single,24,unskilled resident,good
908,0<=X<200,existing paid,education,3711,no known savings,male mar/wid,27,skilled,good
909,no checking,delayed previously,used car,3594,<100,female div/dep/mar,46,unskilled resident,good
910,0<=X<200,existing paid,new car,3195,no known savings,female div/dep/mar,33,unskilled resident,good
911,no checking,delayed previously,radio/tv,4454,<100,female div/dep/mar,34,skilled,good
912,0<=X<200,critical/other existing credit,furniture/equipment,4736,<100,female div/dep/mar,25,unskilled resident,bad
913,0<=X<200,existing paid,radio/tv,2991,no known savings,female div/dep/mar,25,skilled,good
914,no checking,existing paid,business,2142,>=1000,male div/sep,28,skilled,good
915,<0,all paid,business,3161,<100,male single,31,skilled,bad
916,0<=X<200,no credits/all paid,other,18424,<100,female div/dep/mar,32,high qualif/self emp/mgmt,bad
917,no checking,existing paid,used car,2848,100<=X<500,male single,32,skilled,good
918,<0,existing paid,new car,14896,<100,male single,68,high qualif/self emp/mgmt,bad
919,<0,existing paid,furniture/equipment,2359,100<=X<500,male div/sep,33,skilled,bad
920,<0,existing paid,furniture/equipment,3345,<100,male single,39,high qualif/self emp/mgmt,bad
921,no checking,critical/other existing credit,furniture/equipment,1817,<100,female div/dep/mar,28,skilled,good
922,no checking,delayed previously,radio/tv,12749,500<=X<1000,male single,37,high qualif/self emp/mgmt,good
923,<0,existing paid,radio/tv,1366,<100,female div/dep/mar,22,skilled,bad
924,0<=X<200,existing paid,new car,2002,<100,male single,30,skilled,good
925,<0,all paid,furniture/equipment,6872,<100,male div/sep,55,skilled,bad
926,<0,all paid,new car,697,<100,male single,46,skilled,bad
927,<0,critical/other existing credit,furniture/equipment,1049,<100,female div/dep/mar,21,skilled,good
928,<0,existing paid,used car,10297,<100,male single,39,skilled,bad
929,no checking,existing paid,radio/tv,1867,no known savings,male single,58,skilled,good
930,<0,delayed previously,new car,1344,<100,male single,43,unskilled resident,good
931,<0,existing paid,furniture/equipment,1747,<100,male single,24,unskilled resident,good
932,0<=X<200,existing paid,radio/tv,1670,<100,female div/dep/mar,22,skilled,bad
933,no checking,critical/other existing credit,new car,1224,<100,male single,30,skilled,good
934,no checking,critical/other existing credit,radio/tv,522,500<=X<1000,male single,42,skilled,good
935,<0,existing paid,radio/tv,1498,<100,female div/dep/mar,23,skilled,good
936,0<=X<200,delayed previously,radio/tv,1919,100<=X<500,male single,30,high qualif/self emp/mgmt,bad
937,>=200,existing paid,radio/tv,745,<100,female div/dep/mar,28,unskilled resident,bad
938,0<=X<200,existing paid,radio/tv,2063,<100,male mar/wid,30,high qualif/self emp/mgmt,good
939,0<=X<200,existing paid,education,6288,<100,male single,42,skilled,bad
940,no checking,critical/other existing credit,used car,6842,no known savings,male single,46,high qualif/self emp/mgmt,good
941,no checking,existing paid,new car,3527,no known savings,male single,45,high qualif/self emp/mgmt,good
942,no checking,existing paid,new car,1546,<100,male single,31,unskilled resident,good
943,no checking,existing paid,furniture/equipment,929,no known savings,male single,31,skilled,good
944,no checking,critical/other existing credit,new car,1455,<100,male single,42,unskilled resident,good
945,<0,existing paid,furniture/equipment,1845,<100,female div/dep/mar,46,skilled,good
946,0<=X<200,no credits/all paid,new car,8358,500<=X<1000,female div/dep/mar,30,skilled,good
947,<0,all paid,furniture/equipment,3349,500<=X<1000,male single,30,skilled,bad
948,no checking,existing paid,new car,2859,no known savings,male single,38,high qualif/self emp/mgmt,good
949,no checking,existing paid,furniture/equipment,1533,<100,male mar/wid,43,unskilled resident,bad
950,no checking,existing paid,radio/tv,3621,100<=X<500,male single,31,skilled,bad
951,0<=X<200,critical/other existing credit,business,3590,<100,male mar/wid,40,unemp/unskilled non res,good
952,<0,delayed previously,business,2145,<100,male single,24,skilled,bad
953,0<=X<200,existing paid,used car,4113,500<=X<1000,female div/dep/mar,28,skilled,bad
954,no checking,existing paid,furniture/equipment,10974,<100,female div/dep/mar,26,high qualif/self emp/mgmt,bad
955,<0,existing paid,new car,1893,<100,female div/dep/mar,29,skilled,good
956,<0,critical/other existing credit,radio/tv,1231,>=1000,female div/dep/mar,57,high qualif/self emp/mgmt,good
957,>=200,critical/other existing credit,radio/tv,3656,no known savings,male single,49,unskilled resident,good
958,0<=X<200,critical/other existing credit,radio/tv,1154,<100,male single,37,unskilled resident,good
959,<0,existing paid,new car,4006,<100,male single,45,unskilled resident,bad
960,0<=X<200,existing paid,furniture/equipment,3069,100<=X<500,male single,30,skilled,good
961,no checking,critical/other existing credit,radio/tv,1740,<100,male mar/wid,30,skilled,good
962,0<=X<200,delayed previously,new car,2353,<100,male div/sep,47,skilled,good
963,no checking,existing paid,new car,3556,no known savings,male single,29,skilled,good
964,no checking,existing paid,radio/tv,2397,500<=X<1000,male single,35,skilled,bad
965,0<=X<200,existing paid,repairs,454,<100,male mar/wid,22,unskilled resident,good
966,0<=X<200,existing paid,radio/tv,1715,no known savings,female div/dep/mar,26,skilled,good
967,0<=X<200,critical/other existing credit,radio/tv,2520,500<=X<1000,male single,23,unskilled resident,bad
968,no checking,existing paid,radio/tv,3568,<100,female div/dep/mar,54,high qualif/self emp/mgmt,good
969,no checking,existing paid,radio/tv,7166,no known savings,male mar/wid,29,skilled,good
970,<0,critical/other existing credit,new car,3939,<100,male single,40,unskilled resident,good
971,0<=X<200,existing paid,repairs,1514,100<=X<500,male single,22,skilled,good
972,no checking,existing paid,new car,7393,<100,male single,43,unskilled resident,good
973,<0,all paid,new car,1193,<100,female div/dep/mar,29,unemp/unskilled non res,bad
974,<0,existing paid,business,7297,<100,male single,36,skilled,bad
975,no checking,critical/other existing credit,radio/tv,2831,<100,female div/dep/mar,33,skilled,good
976,>=200,existing paid,radio/tv,1258,500<=X<1000,female div/dep/mar,57,unskilled resident,good
977,0<=X<200,existing paid,radio/tv,753,<100,female div/dep/mar,64,skilled,good
978,0<=X<200,delayed previously,business,2427,no known savings,male single,42,skilled,good
979,no checking,delayed previously,new car,2538,<100,male single,47,unskilled resident,bad
980,0<=X<200,all paid,new car,1264,100<=X<500,male mar/wid,25,skilled,bad
981,0<=X<200,critical/other existing credit,furniture/equipment,8386,<100,male single,49,skilled,bad
982,no checking,existing paid,business,4844,<100,male single,33,high qualif/self emp/mgmt,bad
983,>=200,existing paid,new car,2923,100<=X<500,female div/dep/mar,28,high qualif/self emp/mgmt,good
984,<0,existing paid,used car,8229,<100,male single,26,skilled,bad
985,no checking,critical/other existing credit,furniture/equipment,2028,<100,male single,30,unskilled resident,good
986,<0,critical/other existing credit,furniture/equipment,1433,<100,female div/dep/mar,25,skilled,good
987,>=200,no credits/all paid,business,6289,<100,male div/sep,33,skilled,good
988,no checking,existing paid,radio/tv,1409,100<=X<500,female div/dep/mar,64,skilled,good
989,<0,existing paid,used car,6579,<100,male single,29,high qualif/self emp/mgmt,good
990,0<=X<200,critical/other existing credit,radio/tv,1743,<100,male single,48,unskilled resident,good
991,no checking,critical/other existing credit,education,3565,no known savings,male single,37,unskilled resident,good
992,no checking,all paid,radio/tv,1569,100<=X<500,male single,34,unskilled resident,good
993,<0,existing paid,radio/tv,1936,no known savings,male mar/wid,23,unskilled resident,good
994,<0,existing paid,furniture/equipment,3959,<100,male single,30,high qualif/self emp/mgmt,good
995,no checking,existing paid,new car,2390,no known savings,male single,50,skilled,good
996,no checking,existing paid,furniture/equipment,1736,<100,female div/dep/mar,31,unskilled resident,good
997,<0,existing paid,used car,3857,<100,male div/sep,40,high qualif/self emp/mgmt,good
998,no checking,existing paid,radio/tv,804,<100,male single,38,skilled,good
999,<0,existing paid,radio/tv,1845,<100,male single,23,skilled,bad
1000,0<=X<200,critical/other existing credit,used car,4576,100<=X<500,male single,27,skilled,good
