Case_no,checking_status,credit_history,purpose,credit_amount,saving_status,personal_status,age,job,class
1,<0,critical/other existing credit,radio/tv,moderate,no known savings,male single,elderly,skilled,good
2,0<=X<200,existing paid,radio/tv,really-high,<100,female div/dep/mar,young-adult,skilled,bad
3,no checking,critical/other existing credit,education,high,<100,male single,adult,unskilled resident,good
4,<0,existing paid,furniture/equipment,really-high,<100,male single,adult,skilled,good
5,<0,delayed previously,new car,high,<100,male single,adult,skilled,bad
6,no checking,existing paid,education,really-high,no known savings,male single,adult,unskilled resident,good
7,no checking,existing paid,furniture/equipment,high,500<=X<1000,male single,adult,skilled,good
8,0<=X<200,existing paid,used car,really-high,<100,male single,adult,high qualif/self emp/mgmt,good
9,no checking,existing paid,radio/tv,high,>=1000,male div/sep,elderly,unskilled resident,good
10,0<=X<200,critical/other existing credit,new car,really-high,<100,male mar/wid,young-adult,high qualif/self emp/mgmt,bad
11,0<=X<200,existing paid,new car,moderate,<100,female div/dep/mar,young-adult,skilled,bad
12,<0,existing paid,business,high,<100,female div/dep/mar,young-adult,skilled,bad
13,0<=X<200,existing paid,radio/tv,moderate,<100,female div/dep/mar,young-adult,skilled,good
14,<0,critical/other existing credit,new car,moderate,<100,male single,adult,unskilled resident,bad
15,<0,existing paid,new car,moderate,<100,female div/dep/mar,young-adult,skilled,good
16,<0,existing paid,radio/tv,moderate,100<=X<500,female div/dep/mar,adult,unskilled resident,bad
17,no checking,critical/other existing credit,radio/tv,high,no known savings,male single,adult,skilled,good
18,<0,no credits/all paid,business,really-high,no known savings,male single,young-adult,skilled,good
19,0<=X<200,existing paid,used car,exceptional,<100,female div/dep/mar,adult,high qualif/self emp/mgmt,bad
20,no checking,existing paid,radio/tv,high,500<=X<1000,male single,adult,skilled,good
21,no checking,critical/other existing credit,new car,high,<100,male single,adult,skilled,good
22,<0,existing paid,radio/tv,high,500<=X<1000,male single,adult,skilled,good
23,<0,critical/other existing credit,new car,high,<100,male single,adult,unskilled resident,good
24,0<=X<200,critical/other existing credit,used car,moderate,100<=X<500,male single,adult,skilled,good
25,no checking,critical/other existing credit,furniture/equipment,high,no known savings,male mar/wid,young-adult,skilled,good
26,<0,existing paid,furniture/equipment,moderate,<100,male single,adult,unskilled resident,good
27,no checking,no credits/all paid,radio/tv,very-low,<100,male mar/wid,adult,unskilled resident,good
28,>=200,all paid,radio/tv,very-low,>=1000,female div/dep/mar,adult,skilled,good
29,0<=X<200,existing paid,radio/tv,high,<100,male single,adult,skilled,good
30,<0,delayed previously,business,really-high,<100,male single,elderly,skilled,bad
31,0<=X<200,existing paid,business,moderate,>=1000,male mar/wid,adult,skilled,good
32,<0,existing paid,furniture/equipment,high,<100,male single,young-adult,skilled,good
33,0<=X<200,existing paid,new car,really-high,100<=X<500,male single,young-adult,skilled,good
34,no checking,critical/other existing credit,business,moderate,no known savings,male single,adult,unskilled resident,good
35,>=200,existing paid,furniture/equipment,moderate,<100,female div/dep/mar,adult,high qualif/self emp/mgmt,good
36,0<=X<200,critical/other existing credit,radio/tv,high,<100,male single,young-adult,unskilled resident,bad
37,no checking,critical/other existing credit,education,really-high,<100,male single,adult,skilled,good
38,>=200,existing paid,radio/tv,high,<100,male single,adult,skilled,bad
39,>=200,existing paid,domestic appliance,moderate,<100,male single,adult,skilled,good
40,0<=X<200,existing paid,radio/tv,very-low,<100,male single,young-adult,skilled,good
41,no checking,existing paid,radio/tv,high,500<=X<1000,male single,young-adult,high qualif/self emp/mgmt,good
42,0<=X<200,existing paid,radio/tv,moderate,500<=X<1000,male div/sep,young-adult,skilled,good
43,0<=X<200,delayed previously,repairs,really-high,<100,male single,adult,unskilled resident,good
44,<0,critical/other existing credit,used car,really-high,100<=X<500,male mar/wid,young-adult,skilled,good
45,<0,critical/other existing credit,used car,really-high,<100,female div/dep/mar,adult,unskilled resident,bad
46,no checking,critical/other existing credit,new car,moderate,<100,female div/dep/mar,adult,high qualif/self emp/mgmt,good
47,no checking,existing paid,radio/tv,high,500<=X<1000,male single,adult,skilled,good
48,<0,existing paid,used car,moderate,500<=X<1000,female div/dep/mar,young-adult,unemp/unskilled non res,good
49,no checking,critical/other existing credit,new car,really-high,<100,male single,adult,unskilled resident,good
50,no checking,existing paid,radio/tv,high,100<=X<500,female div/dep/mar,young-adult,skilled,good
51,0<=X<200,delayed previously,furniture/equipment,high,no known savings,male single,young-adult,unskilled resident,good
52,0<=X<200,delayed previously,used car,really-high,<100,male single,young-adult,high qualif/self emp/mgmt,good
53,no checking,existing paid,radio/tv,moderate,<100,male single,young-adult,skilled,good
54,no checking,existing paid,used car,high,no known savings,male single,adult,skilled,good
55,0<=X<200,delayed previously,new car,high,<100,male single,adult,skilled,bad
56,no checking,all paid,new car,low,no known savings,male single,young-adult,unskilled resident,good
57,0<=X<200,existing paid,radio/tv,really-high,no known savings,male single,adult,high qualif/self emp/mgmt,bad
58,no checking,critical/other existing credit,radio/tv,really-high,<100,female div/dep/mar,adult,skilled,good
59,>=200,existing paid,new car,moderate,<100,female div/dep/mar,young-adult,high qualif/self emp/mgmt,good
60,<0,critical/other existing credit,furniture/equipment,really-high,<100,female div/dep/mar,young-adult,unskilled resident,bad
61,0<=X<200,existing paid,business,moderate,<100,male mar/wid,young-adult,skilled,good
62,0<=X<200,critical/other existing credit,radio/tv,moderate,no known savings,male single,adult,skilled,good
63,0<=X<200,no credits/all paid,business,moderate,<100,male single,elderly,high qualif/self emp/mgmt,bad
64,0<=X<200,no credits/all paid,business,exceptional,<100,male single,young-adult,skilled,bad
65,no checking,existing paid,radio/tv,high,<100,female div/dep/mar,young-adult,skilled,good
66,no checking,existing paid,repairs,really-high,no known savings,male single,adult,skilled,good
67,no checking,existing paid,radio/tv,high,<100,female div/dep/mar,young-adult,skilled,good
68,0<=X<200,existing paid,new car,moderate,>=1000,male mar/wid,young-adult,skilled,good
69,no checking,existing paid,education,moderate,<100,male single,adult,skilled,bad
70,no checking,existing paid,radio/tv,high,no known savings,female div/dep/mar,young-adult,skilled,good
71,no checking,existing paid,used car,really-high,<100,female div/dep/mar,young-adult,skilled,good
72,no checking,critical/other existing credit,radio/tv,low,no known savings,male single,adult,unskilled resident,good
73,<0,critical/other existing credit,other,moderate,<100,male single,adult,high qualif/self emp/mgmt,good
74,0<=X<200,critical/other existing credit,business,really-high,<100,female div/dep/mar,adult,unskilled resident,good
75,<0,existing paid,education,moderate,no known savings,male single,adult,high qualif/self emp/mgmt,bad
76,<0,critical/other existing credit,used car,moderate,<100,male single,elderly,high qualif/self emp/mgmt,good
77,<0,existing paid,radio/tv,high,<100,male single,adult,skilled,bad
78,0<=X<200,delayed previously,radio/tv,high,<100,male single,adult,skilled,good
79,no checking,no credits/all paid,used car,really-high,no known savings,male single,adult,unskilled resident,good
80,0<=X<200,existing paid,furniture/equipment,high,<100,male mar/wid,young-adult,skilled,good
81,no checking,existing paid,radio/tv,really-high,no known savings,female div/dep/mar,adult,skilled,bad
82,no checking,existing paid,radio/tv,moderate,500<=X<1000,male single,adult,skilled,good
83,no checking,existing paid,business,moderate,100<=X<500,female div/dep/mar,young-adult,unskilled resident,good
84,<0,existing paid,other,moderate,<100,female div/dep/mar,adult,unskilled resident,good
85,<0,existing paid,radio/tv,high,<100,male single,adult,unskilled resident,good
86,no checking,critical/other existing credit,business,moderate,<100,female div/dep/mar,young-adult,high qualif/self emp/mgmt,good
87,0<=X<200,critical/other existing credit,furniture/equipment,moderate,<100,female div/dep/mar,young-adult,skilled,good
88,0<=X<200,existing paid,education,exceptional,100<=X<500,male single,adult,skilled,bad
89,<0,existing paid,new car,high,100<=X<500,male single,young-adult,high qualif/self emp/mgmt,good
90,<0,no credits/all paid,repairs,moderate,<100,male single,young-adult,skilled,bad
91,no checking,critical/other existing credit,radio/tv,low,<100,male single,adult,skilled,good
92,<0,critical/other existing credit,used car,moderate,<100,male single,adult,skilled,good
93,no checking,critical/other existing credit,radio/tv,low,no known savings,female div/dep/mar,adult,unskilled resident,bad
94,>=200,critical/other existing credit,furniture/equipment,high,no known savings,male single,young-adult,skilled,good
95,0<=X<200,existing paid,new car,moderate,>=1000,male single,adult,skilled,good
96,0<=X<200,no credits/all paid,business,exceptional,<100,male single,adult,skilled,bad
97,no checking,critical/other existing credit,education,high,no known savings,female div/dep/mar,elderly,skilled,good
98,0<=X<200,existing paid,business,high,100<=X<500,male single,adult,skilled,good
99,0<=X<200,critical/other existing credit,radio/tv,high,<100,male single,adult,skilled,good
100,0<=X<200,delayed previously,used car,really-high,no known savings,male single,adult,high qualif/self emp/mgmt,good
101,no checking,existing paid,new car,moderate,100<=X<500,male mar/wid,adult,unskilled resident,good
102,0<=X<200,existing paid,radio/tv,high,<100,male single,young-adult,skilled,good
103,no checking,delayed previously,radio/tv,low,<100,female div/dep/mar,young-adult,skilled,good
104,0<=X<200,critical/other existing credit,furniture/equipment,moderate,<100,male single,adult,skilled,good
105,no checking,existing paid,used car,high,no known savings,male mar/wid,young-adult,skilled,good
106,0<=X<200,critical/other existing credit,other,exceptional,<100,male single,adult,high qualif/self emp/mgmt,bad
107,no checking,all paid,new car,really-high,<100,male single,adult,high qualif/self emp/mgmt,bad
108,0<=X<200,existing paid,new car,really-high,<100,male single,adult,skilled,good
109,<0,existing paid,furniture/equipment,really-high,no known savings,female div/dep/mar,young-adult,skilled,good
110,0<=X<200,existing paid,business,moderate,500<=X<1000,male mar/wid,adult,skilled,good
111,0<=X<200,delayed previously,business,moderate,100<=X<500,male div/sep,adult,skilled,good
112,>=200,existing paid,education,very-low,<100,female div/dep/mar,young-adult,skilled,good
113,0<=X<200,existing paid,new car,really-high,<100,male single,young-adult,unskilled resident,good
114,no checking,critical/other existing credit,new car,really-high,<100,female div/dep/mar,young-adult,skilled,bad
115,<0,existing paid,radio/tv,moderate,500<=X<1000,male mar/wid,adult,skilled,good
116,no checking,critical/other existing credit,radio/tv,high,no known savings,male single,adult,skilled,good
117,<0,existing paid,radio/tv,really-high,no known savings,female div/dep/mar,young-adult,high qualif/self emp/mgmt,bad
118,<0,critical/other existing credit,furniture/equipment,high,no known savings,female div/dep/mar,young-adult,skilled,good
119,<0,critical/other existing credit,furniture/equipment,high,500<=X<1000,female div/dep/mar,young-adult,skilled,bad
120,0<=X<200,critical/other existing credit,new car,high,500<=X<1000,male div/sep,adult,high qualif/self emp/mgmt,good
121,<0,existing paid,radio/tv,moderate,<100,female div/dep/mar,young-adult,skilled,bad
122,no checking,critical/other existing credit,used car,high,<100,female div/dep/mar,adult,high qualif/self emp/mgmt,good
123,no checking,existing paid,furniture/equipment,moderate,<100,male single,young-adult,unskilled resident,good
124,>=200,critical/other existing credit,new car,low,<100,male single,elderly,skilled,good
125,0<=X<200,existing paid,furniture/equipment,moderate,no known savings,female div/dep/mar,young-adult,skilled,bad
126,<0,critical/other existing credit,new car,high,<100,male single,young-adult,skilled,good
127,<0,existing paid,radio/tv,low,<100,male mar/wid,adult,unskilled resident,good
128,0<=X<200,existing paid,repairs,low,<100,male single,young-adult,skilled,bad
129,0<=X<200,critical/other existing credit,used car,moderate,<100,male single,adult,high qualif/self emp/mgmt,good
130,<0,critical/other existing credit,new car,high,<100,female div/dep/mar,young-adult,skilled,bad
131,0<=X<200,existing paid,new car,really-high,no known savings,female div/dep/mar,young-adult,skilled,good
132,<0,delayed previously,education,really-high,<100,male single,young-adult,skilled,bad
133,no checking,existing paid,furniture/equipment,high,<100,male single,young-adult,unskilled resident,good
134,no checking,existing paid,furniture/equipment,moderate,<100,male single,adult,skilled,good
135,no checking,existing paid,radio/tv,exceptional,100<=X<500,female div/dep/mar,young-adult,skilled,good
136,no checking,critical/other existing credit,radio/tv,moderate,no known savings,female div/dep/mar,adult,skilled,good
137,no checking,delayed previously,used car,really-high,>=1000,male single,young-adult,skilled,good
138,0<=X<200,existing paid,radio/tv,low,500<=X<1000,male single,elderly,unskilled resident,bad
139,0<=X<200,critical/other existing credit,radio/tv,high,no known savings,male single,adult,skilled,good
140,>=200,existing paid,radio/tv,moderate,<100,female div/dep/mar,adult,unskilled resident,good
141,>=200,existing paid,new car,low,>=1000,male mar/wid,young-adult,unemp/unskilled non res,good
142,0<=X<200,existing paid,radio/tv,high,<100,female div/dep/mar,young-adult,high qualif/self emp/mgmt,good
143,<0,existing paid,radio/tv,high,<100,male single,young-adult,high qualif/self emp/mgmt,good
144,<0,existing paid,furniture/equipment,high,<100,male single,young-adult,skilled,bad
145,no checking,critical/other existing credit,furniture/equipment,high,<100,female div/dep/mar,young-adult,skilled,good
146,0<=X<200,all paid,business,high,100<=X<500,male single,young-adult,skilled,good
147,<0,critical/other existing credit,new car,low,<100,female div/dep/mar,adult,skilled,good
148,no checking,critical/other existing credit,new car,low,100<=X<500,female div/dep/mar,adult,skilled,good
149,<0,critical/other existing credit,furniture/equipment,really-high,<100,male single,young-adult,skilled,good
150,no checking,critical/other existing credit,radio/tv,moderate,>=1000,male single,adult,skilled,good
151,no checking,existing paid,radio/tv,moderate,100<=X<500,male single,adult,skilled,good
152,no checking,existing paid,radio/tv,moderate,<100,male single,adult,skilled,good
153,>=200,existing paid,radio/tv,really-high,<100,male single,young-adult,skilled,good
154,0<=X<200,critical/other existing credit,used car,really-high,>=1000,female div/dep/mar,young-adult,skilled,good
155,0<=X<200,delayed previously,business,really-high,100<=X<500,male single,adult,high qualif/self emp/mgmt,good
156,<0,existing paid,furniture/equipment,moderate,<100,female div/dep/mar,young-adult,skilled,bad
157,<0,critical/other existing credit,repairs,moderate,100<=X<500,male single,adult,skilled,good
158,<0,all paid,retraining,very-low,<100,male mar/wid,adult,unskilled resident,good
159,0<=X<200,existing paid,new car,high,100<=X<500,male single,adult,skilled,good
160,no checking,critical/other existing credit,radio/tv,moderate,no known savings,male single,adult,unskilled resident,good
161,no checking,critical/other existing credit,radio/tv,high,100<=X<500,male single,adult,skilled,good
162,no checking,critical/other existing credit,new car,moderate,<100,female div/dep/mar,young-adult,skilled,good
163,no checking,existing paid,domestic appliance,moderate,500<=X<1000,male single,adult,skilled,good
164,0<=X<200,existing paid,new car,really-high,<100,male single,elderly,high qualif/self emp/mgmt,good
165,no checking,existing paid,new car,low,500<=X<1000,male single,adult,skilled,good
166,no checking,existing paid,furniture/equipment,high,500<=X<1000,male single,adult,skilled,good
167,<0,existing paid,furniture/equipment,moderate,<100,female div/dep/mar,adult,skilled,bad
168,0<=X<200,existing paid,furniture/equipment,moderate,>=1000,female div/dep/mar,young-adult,skilled,good
169,no checking,existing paid,furniture/equipment,high,<100,female div/dep/mar,young-adult,skilled,good
170,0<=X<200,critical/other existing credit,business,moderate,<100,male div/sep,adult,skilled,bad
171,<0,no credits/all paid,new car,low,<100,male single,adult,skilled,bad
172,no checking,existing paid,furniture/equipment,low,<100,female div/dep/mar,young-adult,skilled,good
173,0<=X<200,delayed previously,furniture/equipment,high,<100,female div/dep/mar,adult,high qualif/self emp/mgmt,bad
174,0<=X<200,existing paid,radio/tv,moderate,<100,male single,adult,skilled,good
175,<0,delayed previously,education,high,<100,male single,young-adult,skilled,bad
176,no checking,all paid,used car,really-high,no known savings,female div/dep/mar,adult,high qualif/self emp/mgmt,bad
177,<0,existing paid,furniture/equipment,high,<100,male div/sep,adult,skilled,good
178,<0,critical/other existing credit,radio/tv,very-low,500<=X<1000,male single,adult,skilled,good
179,no checking,existing paid,radio/tv,moderate,<100,male single,adult,high qualif/self emp/mgmt,good
180,<0,critical/other existing credit,new car,low,<100,male single,elderly,skilled,good
181,no checking,delayed previously,business,really-high,<100,male div/sep,young-adult,skilled,bad
182,0<=X<200,delayed previously,business,high,<100,male div/sep,young-adult,high qualif/self emp/mgmt,bad
183,<0,all paid,new car,moderate,no known savings,male single,adult,unskilled resident,bad
184,no checking,critical/other existing credit,furniture/equipment,high,>=1000,male single,adult,skilled,good
185,0<=X<200,critical/other existing credit,new car,low,<100,male single,adult,skilled,bad
186,no checking,critical/other existing credit,radio/tv,moderate,<100,male single,adult,skilled,good
187,0<=X<200,all paid,used car,really-high,<100,female div/dep/mar,elderly,high qualif/self emp/mgmt,bad
188,0<=X<200,critical/other existing credit,new car,moderate,<100,male single,elderly,unemp/unskilled non res,good
189,<0,existing paid,radio/tv,low,100<=X<500,male mar/wid,young-adult,skilled,bad
190,0<=X<200,no credits/all paid,furniture/equipment,high,<100,female div/dep/mar,adult,skilled,good
191,no checking,existing paid,business,high,>=1000,male single,adult,high qualif/self emp/mgmt,bad
192,0<=X<200,no credits/all paid,business,high,100<=X<500,male single,adult,unskilled resident,bad
193,0<=X<200,existing paid,business,high,<100,male single,adult,skilled,bad
194,no checking,existing paid,radio/tv,high,<100,male mar/wid,young-adult,skilled,good
195,0<=X<200,existing paid,radio/tv,high,100<=X<500,male single,young-adult,skilled,bad
196,0<=X<200,critical/other existing credit,education,moderate,<100,female div/dep/mar,adult,high qualif/self emp/mgmt,bad
197,no checking,critical/other existing credit,radio/tv,moderate,<100,female div/dep/mar,young-adult,skilled,good
198,0<=X<200,existing paid,furniture/equipment,low,100<=X<500,female div/dep/mar,young-adult,skilled,bad
199,0<=X<200,existing paid,used car,high,no known savings,male single,adult,skilled,good
200,0<=X<200,delayed previously,furniture/equipment,high,<100,male div/sep,adult,high qualif/self emp/mgmt,bad
201,no checking,critical/other existing credit,education,low,500<=X<1000,male single,adult,skilled,good
202,<0,existing paid,new car,moderate,<100,male mar/wid,young-adult,unskilled resident,good
203,no checking,delayed previously,business,really-high,<100,male single,young-adult,skilled,good
204,<0,existing paid,retraining,low,<100,male mar/wid,young-adult,skilled,bad
205,no checking,critical/other existing credit,new car,moderate,<100,male single,adult,unskilled resident,good
206,<0,critical/other existing credit,used car,exceptional,<100,male single,adult,high qualif/self emp/mgmt,good
207,no checking,critical/other existing credit,furniture/equipment,moderate,<100,male single,adult,skilled,good
208,0<=X<200,critical/other existing credit,domestic appliance,moderate,<100,male single,young-adult,skilled,good
209,<0,existing paid,business,really-high,<100,male mar/wid,young-adult,unskilled resident,good
210,no checking,existing paid,used car,moderate,>=1000,male single,adult,skilled,good
211,no checking,critical/other existing credit,radio/tv,high,no known savings,male single,adult,skilled,good
212,no checking,existing paid,radio/tv,high,no known savings,female div/dep/mar,adult,unskilled resident,good
213,<0,no credits/all paid,business,really-high,<100,male single,adult,skilled,bad
214,>=200,delayed previously,business,moderate,<100,male single,elderly,high qualif/self emp/mgmt,bad
215,no checking,critical/other existing credit,radio/tv,high,no known savings,male single,adult,skilled,good
216,0<=X<200,critical/other existing credit,retraining,low,no known savings,female div/dep/mar,adult,unskilled resident,good
217,<0,no credits/all paid,business,high,<100,male single,adult,skilled,good
218,>=200,existing paid,radio/tv,high,<100,male single,young-adult,skilled,good
219,<0,existing paid,furniture/equipment,high,<100,male div/sep,young-adult,unskilled resident,good
220,no checking,existing paid,new car,moderate,<100,female div/dep/mar,elderly,skilled,good
221,0<=X<200,existing paid,radio/tv,low,<100,male mar/wid,young-adult,unskilled resident,good
222,<0,existing paid,education,moderate,no known savings,female div/dep/mar,young-adult,skilled,good
223,no checking,existing paid,radio/tv,low,<100,male single,young-adult,skilled,good
224,no checking,delayed previously,business,high,no known savings,male single,adult,skilled,good
225,no checking,existing paid,used car,high,<100,male single,young-adult,skilled,good
226,no checking,no credits/all paid,repairs,high,<100,male single,young-adult,skilled,good
227,0<=X<200,existing paid,radio/tv,exceptional,>=1000,male single,young-adult,skilled,bad
228,<0,existing paid,furniture/equipment,really-high,<100,male single,adult,high qualif/self emp/mgmt,bad
229,no checking,existing paid,radio/tv,moderate,<100,male single,young-adult,skilled,bad
230,<0,existing paid,furniture/equipment,high,<100,male single,young-adult,skilled,good
231,>=200,existing paid,radio/tv,high,<100,male single,young-adult,skilled,bad
232,no checking,existing paid,new car,high,500<=X<1000,male single,adult,unskilled resident,good
233,no checking,existing paid,radio/tv,high,100<=X<500,male single,adult,skilled,good
234,0<=X<200,existing paid,radio/tv,low,<100,male mar/wid,young-adult,unskilled resident,good
235,no checking,critical/other existing credit,radio/tv,moderate,<100,male single,adult,unskilled resident,good
236,<0,existing paid,radio/tv,moderate,<100,male single,young-adult,high qualif/self emp/mgmt,bad
237,0<=X<200,existing paid,new car,exceptional,no known savings,male single,young-adult,unemp/unskilled non res,bad
238,0<=X<200,existing paid,business,high,100<=X<500,male div/sep,elderly,unskilled resident,bad
239,no checking,critical/other existing credit,radio/tv,moderate,<100,female div/dep/mar,adult,skilled,good
240,<0,existing paid,radio/tv,high,<100,male single,adult,skilled,good
241,<0,existing paid,new car,low,no known savings,female div/dep/mar,young-adult,skilled,bad
242,no checking,existing paid,radio/tv,moderate,<100,male single,adult,skilled,good
243,<0,no credits/all paid,used car,high,<100,male single,young-adult,skilled,bad
244,no checking,critical/other existing credit,business,moderate,<100,female div/dep/mar,young-adult,skilled,good
245,no checking,all paid,retraining,high,500<=X<1000,female div/dep/mar,adult,unskilled resident,good
246,no checking,existing paid,business,moderate,<100,male single,young-adult,skilled,good
247,no checking,critical/other existing credit,radio/tv,low,<100,male single,adult,skilled,good
248,no checking,no credits/all paid,new car,moderate,100<=X<500,male single,adult,skilled,good
249,>=200,existing paid,furniture/equipment,moderate,<100,male single,young-adult,skilled,good
250,no checking,existing paid,radio/tv,very-low,<100,female div/dep/mar,young-adult,skilled,bad
251,<0,critical/other existing credit,new car,low,>=1000,female div/dep/mar,adult,unskilled resident,good
252,>=200,existing paid,furniture/equipment,high,<100,female div/dep/mar,adult,unskilled resident,good
253,0<=X<200,existing paid,new car,high,<100,female div/dep/mar,young-adult,skilled,bad
254,no checking,delayed previously,furniture/equipment,high,100<=X<500,male single,adult,skilled,good
255,0<=X<200,existing paid,furniture/equipment,high,no known savings,male single,young-adult,skilled,good
256,0<=X<200,delayed previously,radio/tv,really-high,no known savings,male single,young-adult,unskilled resident,good
257,no checking,critical/other existing credit,radio/tv,high,<100,male single,adult,unskilled resident,good
258,<0,all paid,radio/tv,high,<100,male div/sep,young-adult,skilled,bad
259,no checking,existing paid,used car,high,100<=X<500,female div/dep/mar,young-adult,skilled,good
260,no checking,critical/other existing credit,radio/tv,moderate,100<=X<500,female div/dep/mar,adult,unskilled resident,good
261,<0,existing paid,furniture/equipment,moderate,<100,male single,young-adult,skilled,good
262,<0,existing paid,radio/tv,moderate,<100,female div/dep/mar,adult,skilled,good
263,<0,critical/other existing credit,new car,really-high,<100,male single,adult,high qualif/self emp/mgmt,good
264,no checking,critical/other existing credit,education,high,<100,female div/dep/mar,adult,unskilled resident,good
265,no checking,critical/other existing credit,new car,moderate,<100,male single,adult,unskilled resident,good
266,0<=X<200,existing paid,radio/tv,low,<100,male single,adult,skilled,bad
267,no checking,critical/other existing credit,business,really-high,no known savings,male single,adult,skilled,good
268,no checking,existing paid,radio/tv,moderate,<100,female div/dep/mar,adult,skilled,good
269,<0,existing paid,new car,really-high,<100,male div/sep,adult,high qualif/self emp/mgmt,bad
270,no checking,existing paid,radio/tv,low,no known savings,male single,young-adult,skilled,good
271,no checking,existing paid,new car,high,no known savings,male single,adult,skilled,good
272,no checking,critical/other existing credit,furniture/equipment,moderate,500<=X<1000,female div/dep/mar,adult,skilled,good
273,0<=X<200,all paid,new car,exceptional,no known savings,male single,adult,high qualif/self emp/mgmt,good
274,0<=X<200,existing paid,radio/tv,high,<100,male single,young-adult,skilled,bad
275,<0,existing paid,repairs,exceptional,<100,male div/sep,adult,unskilled resident,bad
276,no checking,existing paid,radio/tv,high,<100,male single,adult,skilled,good
277,no checking,critical/other existing credit,radio/tv,high,<100,female div/dep/mar,young-adult,skilled,good
278,<0,existing paid,furniture/equipment,moderate,no known savings,male div/sep,adult,unskilled resident,good
279,no checking,existing paid,furniture/equipment,high,<100,female div/dep/mar,adult,skilled,bad
280,no checking,existing paid,radio/tv,moderate,100<=X<500,male single,young-adult,high qualif/self emp/mgmt,good
281,no checking,critical/other existing credit,used car,high,>=1000,male single,young-adult,skilled,good
282,no checking,existing paid,furniture/equipment,moderate,<100,male single,adult,skilled,good
283,>=200,all paid,radio/tv,moderate,no known savings,male single,adult,unskilled resident,good
284,no checking,critical/other existing credit,furniture/equipment,moderate,no known savings,male single,elderly,skilled,good
285,0<=X<200,critical/other existing credit,new car,high,100<=X<500,male div/sep,adult,skilled,good
286,<0,existing paid,new car,exceptional,<100,female div/dep/mar,adult,unskilled resident,good
287,<0,existing paid,used car,high,<100,male single,young-adult,skilled,good
288,0<=X<200,delayed previously,other,really-high,100<=X<500,male single,adult,high qualif/self emp/mgmt,good
289,0<=X<200,existing paid,radio/tv,moderate,<100,female div/dep/mar,adult,skilled,good
290,<0,delayed previously,radio/tv,moderate,<100,male mar/wid,adult,skilled,bad
291,no checking,existing paid,business,moderate,<100,male mar/wid,young-adult,skilled,good
292,0<=X<200,existing paid,used car,really-high,<100,male mar/wid,young-adult,high qualif/self emp/mgmt,bad
293,<0,critical/other existing credit,used car,really-high,<100,female div/dep/mar,adult,high qualif/self emp/mgmt,good
294,>=200,critical/other existing credit,used car,high,<100,male single,adult,skilled,good
295,no checking,critical/other existing credit,business,really-high,no known savings,male div/sep,adult,high qualif/self emp/mgmt,good
296,0<=X<200,existing paid,furniture/equipment,really-high,<100,female div/dep/mar,young-adult,skilled,bad
297,no checking,existing paid,used car,high,no known savings,female div/dep/mar,young-adult,skilled,good
298,no checking,existing paid,new car,moderate,no known savings,male single,adult,unskilled resident,good
299,no checking,existing paid,furniture/equipment,high,<100,male single,adult,skilled,good
300,0<=X<200,critical/other existing credit,furniture/equipment,high,>=1000,male single,adult,skilled,good
301,no checking,existing paid,new car,low,<100,female div/dep/mar,adult,unemp/unskilled non res,good
302,0<=X<200,no credits/all paid,radio/tv,high,<100,female div/dep/mar,adult,skilled,bad
303,>=200,critical/other existing credit,new car,moderate,no known savings,male single,adult,unskilled resident,bad
304,<0,critical/other existing credit,new car,moderate,<100,male single,adult,skilled,good
305,no checking,critical/other existing credit,new car,exceptional,500<=X<1000,male single,adult,skilled,bad
306,no checking,existing paid,furniture/equipment,moderate,>=1000,male div/sep,adult,skilled,good
307,no checking,existing paid,used car,high,no known savings,female div/dep/mar,young-adult,unskilled resident,good
308,<0,existing paid,radio/tv,low,100<=X<500,male mar/wid,adult,unskilled resident,bad
309,0<=X<200,existing paid,furniture/equipment,moderate,<100,female div/dep/mar,young-adult,skilled,bad
310,0<=X<200,existing paid,new car,very-low,<100,male mar/wid,young-adult,unskilled resident,good
311,0<=X<200,existing paid,other,really-high,no known savings,male single,adult,unemp/unskilled non res,good
312,no checking,existing paid,furniture/equipment,really-high,100<=X<500,male single,young-adult,skilled,good
313,>=200,existing paid,furniture/equipment,high,<100,female div/dep/mar,young-adult,skilled,good
314,0<=X<200,existing paid,new car,low,<100,male mar/wid,young-adult,unskilled resident,bad
315,>=200,existing paid,new car,moderate,no known savings,male single,young-adult,unskilled resident,good
316,<0,all paid,furniture/equipment,high,<100,male single,adult,skilled,bad
317,<0,existing paid,furniture/equipment,low,<100,male single,adult,unskilled resident,good
318,0<=X<200,existing paid,furniture/equipment,high,no known savings,female div/dep/mar,adult,unskilled resident,good
319,no checking,critical/other existing credit,education,low,<100,male single,adult,skilled,good
320,<0,delayed previously,furniture/equipment,high,<100,female div/dep/mar,young-adult,unskilled resident,good
321,0<=X<200,critical/other existing credit,new car,high,<100,male mar/wid,young-adult,high qualif/self emp/mgmt,bad
322,<0,existing paid,radio/tv,moderate,<100,male div/sep,adult,skilled,bad
323,<0,existing paid,used car,high,<100,male single,adult,high qualif/self emp/mgmt,good
324,<0,existing paid,furniture/equipment,high,>=1000,male single,young-adult,skilled,good
325,no checking,critical/other existing credit,new car,moderate,<100,female div/dep/mar,adult,skilled,good
326,<0,critical/other existing credit,new car,high,<100,male single,adult,unskilled resident,good
327,no checking,critical/other existing credit,furniture/equipment,really-high,no known savings,male single,adult,skilled,good
328,no checking,existing paid,new car,moderate,>=1000,female div/dep/mar,adult,skilled,good
329,>=200,existing paid,radio/tv,high,<100,male single,adult,skilled,good
330,0<=X<200,existing paid,radio/tv,moderate,<100,male single,young-adult,skilled,good
331,<0,critical/other existing credit,used car,really-high,<100,male single,elderly,high qualif/self emp/mgmt,good
332,no checking,critical/other existing credit,education,moderate,100<=X<500,female div/dep/mar,young-adult,skilled,bad
333,0<=X<200,existing paid,new car,really-high,100<=X<500,female div/dep/mar,young-adult,high qualif/self emp/mgmt,bad
334,no checking,critical/other existing credit,used car,exceptional,100<=X<500,female div/dep/mar,young-adult,unskilled resident,bad
335,<0,no credits/all paid,furniture/equipment,high,<100,male single,young-adult,skilled,bad
336,<0,critical/other existing credit,furniture/equipment,high,<100,male div/sep,adult,high qualif/self emp/mgmt,bad
337,0<=X<200,existing paid,radio/tv,high,<100,female div/dep/mar,young-adult,unskilled resident,good
338,<0,existing paid,domestic appliance,moderate,no known savings,female div/dep/mar,young-adult,skilled,bad
339,<0,existing paid,furniture/equipment,high,<100,male single,young-adult,skilled,good
340,0<=X<200,existing paid,furniture/equipment,moderate,<100,male div/sep,adult,unskilled resident,good
341,0<=X<200,critical/other existing credit,education,really-high,<100,female div/dep/mar,young-adult,skilled,good
342,<0,existing paid,furniture/equipment,high,<100,female div/dep/mar,young-adult,unskilled resident,good
343,0<=X<200,existing paid,radio/tv,high,500<=X<1000,male mar/wid,young-adult,skilled,good
344,0<=X<200,existing paid,business,high,<100,male single,adult,high qualif/self emp/mgmt,good
345,>=200,existing paid,new car,high,<100,male single,adult,unskilled resident,good
346,no checking,critical/other existing credit,radio/tv,moderate,<100,female div/dep/mar,adult,unskilled resident,good
347,0<=X<200,critical/other existing credit,radio/tv,low,<100,male single,young-adult,skilled,good
348,0<=X<200,existing paid,radio/tv,high,500<=X<1000,female div/dep/mar,young-adult,unemp/unskilled non res,good
349,no checking,delayed previously,business,moderate,100<=X<500,male single,adult,unskilled resident,good
350,0<=X<200,critical/other existing credit,education,moderate,>=1000,male single,adult,skilled,bad
351,no checking,existing paid,domestic appliance,moderate,<100,female div/dep/mar,young-adult,skilled,good
352,0<=X<200,existing paid,furniture/equipment,low,<100,female div/dep/mar,young-adult,skilled,bad
353,no checking,critical/other existing credit,used car,high,no known savings,male single,adult,high qualif/self emp/mgmt,good
354,<0,no credits/all paid,radio/tv,really-high,<100,male single,young-adult,skilled,bad
355,no checking,existing paid,education,low,500<=X<1000,male single,adult,skilled,good
356,0<=X<200,existing paid,new car,moderate,<100,male single,young-adult,unskilled resident,bad
357,no checking,critical/other existing credit,radio/tv,high,no known savings,male single,adult,skilled,good
358,no checking,delayed previously,radio/tv,high,<100,male single,young-adult,high qualif/self emp/mgmt,bad
359,no checking,existing paid,radio/tv,low,<100,male mar/wid,young-adult,skilled,good
360,<0,existing paid,furniture/equipment,high,<100,female div/dep/mar,young-adult,skilled,bad
361,0<=X<200,existing paid,education,moderate,no known savings,male single,elderly,skilled,good
362,>=200,existing paid,radio/tv,high,no known savings,male single,adult,high qualif/self emp/mgmt,good
363,>=200,delayed previously,new car,high,<100,female div/dep/mar,adult,skilled,good
364,no checking,existing paid,furniture/equipment,moderate,<100,male mar/wid,young-adult,skilled,good
365,<0,existing paid,furniture/equipment,high,<100,male single,young-adult,unemp/unskilled non res,bad
366,no checking,existing paid,business,moderate,<100,male single,adult,skilled,good
367,no checking,critical/other existing credit,used car,high,<100,male single,young-adult,skilled,good
368,<0,existing paid,furniture/equipment,high,<100,female div/dep/mar,young-adult,skilled,good
369,<0,existing paid,furniture/equipment,high,<100,male single,adult,skilled,bad
370,0<=X<200,existing paid,furniture/equipment,high,<100,female div/dep/mar,adult,skilled,good
371,no checking,existing paid,new car,high,no known savings,male single,adult,skilled,good
372,no checking,critical/other existing credit,radio/tv,really-high,<100,male single,adult,skilled,good
373,no checking,critical/other existing credit,furniture/equipment,high,<100,female div/dep/mar,young-adult,skilled,good
374,no checking,critical/other existing credit,new car,exceptional,no known savings,male single,elderly,high qualif/self emp/mgmt,good
375,0<=X<200,all paid,other,exceptional,100<=X<500,female div/dep/mar,adult,high qualif/self emp/mgmt,bad
376,<0,all paid,business,really-high,<100,female div/dep/mar,adult,skilled,bad
377,no checking,delayed previously,radio/tv,high,<100,male mar/wid,adult,skilled,good
378,no checking,delayed previously,radio/tv,low,no known savings,male single,adult,skilled,good
379,0<=X<200,existing paid,new car,exceptional,<100,male single,adult,high qualif/self emp/mgmt,bad
380,no checking,critical/other existing credit,new car,very-low,100<=X<500,female div/dep/mar,adult,unskilled resident,good
381,<0,existing paid,furniture/equipment,high,no known savings,male single,adult,skilled,good
382,0<=X<200,existing paid,used car,exceptional,<100,female div/dep/mar,adult,high qualif/self emp/mgmt,bad
383,no checking,existing paid,new car,moderate,no known savings,female div/dep/mar,young-adult,skilled,good
384,>=200,existing paid,new car,moderate,<100,male single,young-adult,skilled,good
385,no checking,delayed previously,business,high,100<=X<500,male single,young-adult,unskilled resident,good
386,no checking,critical/other existing credit,radio/tv,high,<100,female div/dep/mar,young-adult,skilled,good
387,no checking,existing paid,radio/tv,moderate,no known savings,female div/dep/mar,young-adult,skilled,good
388,0<=X<200,critical/other existing credit,furniture/equipment,really-high,<100,male single,adult,high qualif/self emp/mgmt,good
389,0<=X<200,critical/other existing credit,business,high,500<=X<1000,male single,young-adult,skilled,good
390,no checking,existing paid,business,moderate,<100,female div/dep/mar,young-adult,skilled,good
391,no checking,existing paid,new car,moderate,<100,male mar/wid,young-adult,high qualif/self emp/mgmt,good
392,0<=X<200,existing paid,furniture/equipment,low,>=1000,female div/dep/mar,young-adult,unskilled resident,good
393,<0,existing paid,new car,high,<100,male single,adult,high qualif/self emp/mgmt,good
394,<0,critical/other existing credit,radio/tv,exceptional,<100,female div/dep/mar,adult,skilled,good
395,no checking,critical/other existing credit,furniture/equipment,high,<100,male single,adult,high qualif/self emp/mgmt,good
396,0<=X<200,delayed previously,education,exceptional,100<=X<500,male single,adult,skilled,good
397,<0,existing paid,furniture/equipment,high,<100,female div/dep/mar,adult,high qualif/self emp/mgmt,good
398,<0,critical/other existing credit,furniture/equipment,high,<100,male mar/wid,adult,skilled,good
399,0<=X<200,existing paid,new car,moderate,<100,male div/sep,adult,skilled,bad
400,no checking,critical/other existing credit,radio/tv,moderate,>=1000,female div/dep/mar,adult,unskilled resident,good
401,no checking,existing paid,radio/tv,moderate,<100,male mar/wid,adult,skilled,good
402,0<=X<200,critical/other existing credit,business,moderate,no known savings,male mar/wid,young-adult,skilled,good
403,no checking,delayed previously,business,really-high,<100,male single,young-adult,skilled,bad
404,no checking,delayed previously,new car,low,<100,male single,young-adult,unskilled resident,good
405,0<=X<200,delayed previously,new car,high,no known savings,male single,adult,skilled,good
406,0<=X<200,existing paid,radio/tv,high,<100,male mar/wid,young-adult,skilled,bad
407,no checking,critical/other existing credit,used car,high,no known savings,male single,adult,skilled,good
408,<0,existing paid,radio/tv,moderate,<100,male mar/wid,young-adult,skilled,good
409,no checking,existing paid,radio/tv,high,500<=X<1000,male div/sep,young-adult,high qualif/self emp/mgmt,good
410,>=200,critical/other existing credit,new car,low,500<=X<1000,male mar/wid,young-adult,skilled,bad
411,0<=X<200,existing paid,radio/tv,moderate,<100,female div/dep/mar,young-adult,skilled,good
412,no checking,critical/other existing credit,used car,really-high,<100,male single,adult,high qualif/self emp/mgmt,good
413,no checking,critical/other existing credit,business,high,<100,male single,adult,high qualif/self emp/mgmt,bad
414,no checking,existing paid,new car,moderate,500<=X<1000,male single,adult,unskilled resident,good
415,<0,existing paid,new car,moderate,no known savings,female div/dep/mar,adult,skilled,bad
416,no checking,critical/other existing credit,used car,really-high,<100,male single,adult,skilled,good
417,<0,existing paid,new car,high,<100,male single,adult,unskilled resident,bad
418,<0,delayed previously,education,really-high,no known savings,female div/dep/mar,young-adult,skilled,good
419,no checking,existing paid,new car,high,500<=X<1000,female div/dep/mar,adult,high qualif/self emp/mgmt,good
420,0<=X<200,existing paid,new car,moderate,no known savings,female div/dep/mar,adult,skilled,bad
421,no checking,existing paid,new car,high,>=1000,female div/dep/mar,young-adult,skilled,good
422,0<=X<200,existing paid,used car,high,no known savings,male single,young-adult,skilled,good
423,0<=X<200,critical/other existing credit,new car,low,<100,male single,adult,unskilled resident,good
424,no checking,delayed previously,furniture/equipment,moderate,100<=X<500,male single,adult,high qualif/self emp/mgmt,good
425,0<=X<200,existing paid,furniture/equipment,high,no known savings,female div/dep/mar,young-adult,skilled,bad
426,0<=X<200,existing paid,used car,high,<100,male mar/wid,young-adult,skilled,good
427,no checking,critical/other existing credit,radio/tv,high,<100,male single,young-adult,skilled,good
428,no checking,critical/other existing credit,radio/tv,moderate,>=1000,male single,adult,skilled,good
429,no checking,existing paid,furniture/equipment,moderate,<100,male single,young-adult,skilled,good
430,<0,critical/other existing credit,repairs,moderate,<100,female div/dep/mar,adult,unemp/unskilled non res,bad
431,no checking,existing paid,business,high,<100,male single,elderly,unskilled resident,good
432,0<=X<200,existing paid,other,exceptional,<100,male single,young-adult,high qualif/self emp/mgmt,bad
433,<0,critical/other existing credit,furniture/equipment,moderate,<100,male single,adult,high qualif/self emp/mgmt,good
434,no checking,critical/other existing credit,repairs,high,<100,male div/sep,adult,skilled,good
435,<0,existing paid,furniture/equipment,high,<100,male single,young-adult,skilled,good
436,0<=X<200,existing paid,radio/tv,moderate,no known savings,male mar/wid,young-adult,skilled,bad
437,no checking,existing paid,repairs,low,500<=X<1000,male mar/wid,young-adult,unskilled resident,good
438,no checking,critical/other existing credit,new car,moderate,>=1000,female div/dep/mar,adult,skilled,good
439,<0,critical/other existing credit,repairs,high,<100,male single,elderly,unemp/unskilled non res,good
440,>=200,all paid,business,low,<100,female div/dep/mar,young-adult,unemp/unskilled non res,bad
441,no checking,existing paid,new car,moderate,<100,male single,adult,high qualif/self emp/mgmt,good
442,<0,existing paid,furniture/equipment,moderate,<100,female div/dep/mar,young-adult,skilled,good
443,0<=X<200,delayed previously,other,high,<100,male single,young-adult,skilled,good
444,no checking,existing paid,education,low,<100,male single,adult,unskilled resident,bad
445,0<=X<200,critical/other existing credit,furniture/equipment,really-high,<100,female div/dep/mar,young-adult,high qualif/self emp/mgmt,bad
446,no checking,critical/other existing credit,education,moderate,no known savings,female div/dep/mar,adult,unskilled resident,good
447,<0,existing paid,new car,moderate,<100,female div/dep/mar,adult,skilled,bad
448,0<=X<200,existing paid,radio/tv,high,<100,male single,adult,skilled,good
449,>=200,existing paid,furniture/equipment,moderate,no known savings,female div/dep/mar,adult,high qualif/self emp/mgmt,good
450,0<=X<200,delayed previously,repairs,moderate,>=1000,male mar/wid,elderly,skilled,bad
451,no checking,critical/other existing credit,used car,exceptional,no known savings,male single,young-adult,high qualif/self emp/mgmt,good
452,no checking,existing paid,radio/tv,low,<100,female div/dep/mar,young-adult,skilled,good
453,no checking,no credits/all paid,furniture/equipment,high,<100,male single,adult,skilled,good
454,no checking,existing paid,used car,high,<100,male single,adult,high qualif/self emp/mgmt,good
455,<0,existing paid,new car,high,<100,male single,adult,skilled,bad
456,no checking,existing paid,used car,high,<100,female div/dep/mar,young-adult,high qualif/self emp/mgmt,good
457,<0,critical/other existing credit,new car,high,<100,male single,adult,skilled,good
458,<0,existing paid,used car,high,<100,male single,adult,skilled,bad
459,<0,existing paid,domestic appliance,very-low,<100,female div/dep/mar,young-adult,skilled,good
460,no checking,existing paid,radio/tv,high,<100,male single,adult,skilled,good
461,<0,existing paid,furniture/equipment,high,<100,male single,adult,skilled,good
462,<0,existing paid,new car,moderate,<100,male single,adult,skilled,good
463,0<=X<200,existing paid,furniture/equipment,high,<100,female div/dep/mar,adult,high qualif/self emp/mgmt,good
464,0<=X<200,existing paid,retraining,low,no known savings,male single,adult,skilled,good
465,no checking,existing paid,business,moderate,<100,male single,adult,skilled,good
466,<0,existing paid,used car,high,<100,male single,elderly,skilled,good
467,<0,delayed previously,radio/tv,moderate,<100,female div/dep/mar,young-adult,unskilled resident,bad
468,no checking,delayed previously,radio/tv,really-high,no known savings,male single,adult,skilled,good
469,no checking,delayed previously,business,high,<100,female div/dep/mar,young-adult,skilled,good
470,no checking,delayed previously,used car,high,<100,male single,adult,unskilled resident,good
471,0<=X<200,existing paid,radio/tv,high,100<=X<500,male mar/wid,young-adult,skilled,bad
472,<0,existing paid,education,very-low,<100,female div/dep/mar,young-adult,skilled,bad
473,<0,existing paid,new car,low,<100,male single,young-adult,unskilled resident,bad
474,no checking,existing paid,retraining,moderate,no known savings,male single,adult,high qualif/self emp/mgmt,good
475,0<=X<200,critical/other existing credit,radio/tv,moderate,<100,male mar/wid,adult,skilled,bad
476,<0,no credits/all paid,furniture/equipment,high,<100,female div/dep/mar,young-adult,skilled,bad
477,no checking,existing paid,used car,high,500<=X<1000,male single,young-adult,skilled,good
478,>=200,existing paid,radio/tv,really-high,<100,male single,young-adult,skilled,good
479,0<=X<200,existing paid,business,moderate,100<=X<500,male single,adult,unskilled resident,good
480,<0,critical/other existing credit,furniture/equipment,moderate,<100,male single,adult,skilled,good
481,0<=X<200,critical/other existing credit,radio/tv,high,<100,female div/dep/mar,young-adult,unskilled resident,good
482,0<=X<200,existing paid,new car,moderate,<100,male single,young-adult,skilled,good
483,<0,existing paid,furniture/equipment,high,>=1000,female div/dep/mar,adult,skilled,good
484,no checking,delayed previously,furniture/equipment,low,>=1000,female div/dep/mar,young-adult,skilled,good
485,no checking,critical/other existing credit,new car,moderate,500<=X<1000,male single,adult,skilled,good
486,0<=X<200,delayed previously,new car,moderate,<100,male single,adult,high qualif/self emp/mgmt,bad
487,no checking,existing paid,radio/tv,high,<100,male single,adult,skilled,good
488,no checking,existing paid,new car,high,<100,female div/dep/mar,elderly,skilled,good
489,no checking,existing paid,new car,moderate,100<=X<500,male single,adult,unskilled resident,good
490,no checking,existing paid,new car,high,<100,male single,young-adult,skilled,good
491,no checking,critical/other existing credit,radio/tv,moderate,<100,male single,young-adult,skilled,good
492,0<=X<200,no credits/all paid,business,really-high,<100,female div/dep/mar,adult,high qualif/self emp/mgmt,bad
493,no checking,critical/other existing credit,radio/tv,moderate,100<=X<500,female div/dep/mar,young-adult,skilled,good
494,0<=X<200,existing paid,radio/tv,very-low,no known savings,male single,adult,skilled,good
495,<0,critical/other existing credit,new car,high,<100,male single,adult,unskilled resident,good
496,<0,existing paid,furniture/equipment,high,no known savings,male mar/wid,young-adult,skilled,bad
497,0<=X<200,existing paid,furniture/equipment,really-high,100<=X<500,male single,young-adult,high qualif/self emp/mgmt,bad
498,no checking,critical/other existing credit,furniture/equipment,moderate,<100,male single,adult,skilled,good
499,0<=X<200,existing paid,radio/tv,moderate,<100,male mar/wid,adult,unskilled resident,good
500,>=200,critical/other existing credit,new car,moderate,100<=X<500,male div/sep,young-adult,skilled,good
501,<0,existing paid,new car,high,<100,female div/dep/mar,young-adult,skilled,bad
502,<0,existing paid,used car,really-high,<100,male single,adult,skilled,good
503,>=200,existing paid,radio/tv,moderate,100<=X<500,male div/sep,adult,skilled,good
504,0<=X<200,critical/other existing credit,radio/tv,moderate,100<=X<500,male single,adult,skilled,bad
505,<0,existing paid,new car,moderate,<100,female div/dep/mar,young-adult,skilled,bad
506,no checking,existing paid,new car,moderate,no known savings,male single,young-adult,unskilled resident,bad
507,>=200,critical/other existing credit,used car,high,500<=X<1000,male single,adult,skilled,good
508,0<=X<200,all paid,new car,really-high,100<=X<500,male single,adult,high qualif/self emp/mgmt,bad
509,no checking,existing paid,radio/tv,moderate,<100,male mar/wid,young-adult,skilled,good
510,no checking,existing paid,used car,really-high,100<=X<500,male single,adult,high qualif/self emp/mgmt,good
511,<0,existing paid,new car,low,<100,male single,young-adult,skilled,bad
512,no checking,existing paid,used car,high,<100,male single,adult,high qualif/self emp/mgmt,good
513,>=200,existing paid,business,high,<100,male single,young-adult,skilled,good
514,0<=X<200,delayed previously,radio/tv,low,<100,male mar/wid,young-adult,skilled,good
515,no checking,existing paid,new car,high,no known savings,male single,adult,skilled,good
516,<0,critical/other existing credit,new car,low,<100,female div/dep/mar,adult,skilled,good
517,<0,critical/other existing credit,new car,moderate,<100,male single,adult,unskilled resident,good
518,no checking,critical/other existing credit,furniture/equipment,really-high,<100,female div/dep/mar,young-adult,skilled,bad
519,<0,existing paid,new car,moderate,100<=X<500,male single,adult,skilled,good
520,no checking,critical/other existing credit,radio/tv,low,no known savings,male single,adult,skilled,good
521,no checking,critical/other existing credit,repairs,really-high,<100,male single,adult,skilled,good
522,<0,existing paid,radio/tv,high,<100,female div/dep/mar,young-adult,skilled,bad
523,<0,no credits/all paid,furniture/equipment,really-high,<100,male single,adult,skilled,bad
524,no checking,existing paid,used car,high,100<=X<500,female div/dep/mar,young-adult,skilled,good
525,0<=X<200,existing paid,radio/tv,moderate,<100,female div/dep/mar,young-adult,unskilled resident,good
526,0<=X<200,existing paid,used car,really-high,<100,male single,young-adult,skilled,good
527,no checking,critical/other existing credit,education,moderate,100<=X<500,female div/dep/mar,adult,skilled,good
528,no checking,critical/other existing credit,radio/tv,exceptional,<100,male single,adult,unskilled resident,good
529,<0,existing paid,radio/tv,high,<100,male div/sep,adult,skilled,bad
530,<0,existing paid,new car,low,<100,male single,adult,unskilled resident,good
531,0<=X<200,existing paid,education,high,<100,male single,adult,skilled,good
532,0<=X<200,existing paid,new car,high,100<=X<500,female div/dep/mar,young-adult,skilled,bad
533,no checking,delayed previously,used car,moderate,<100,male mar/wid,adult,skilled,good
534,no checking,existing paid,radio/tv,moderate,100<=X<500,male mar/wid,young-adult,skilled,good
535,no checking,existing paid,radio/tv,high,no known savings,male single,young-adult,skilled,good
536,>=200,critical/other existing credit,education,high,<100,male div/sep,adult,skilled,bad
537,<0,existing paid,new car,moderate,no known savings,female div/dep/mar,elderly,high qualif/self emp/mgmt,good
538,0<=X<200,critical/other existing credit,furniture/equipment,high,<100,female div/dep/mar,adult,skilled,good
539,<0,existing paid,new car,really-high,<100,male single,adult,high qualif/self emp/mgmt,bad
540,>=200,existing paid,furniture/equipment,high,<100,female div/dep/mar,adult,unskilled resident,good
541,0<=X<200,existing paid,radio/tv,moderate,<100,male mar/wid,young-adult,skilled,bad
542,no checking,delayed previously,new car,high,<100,male single,adult,skilled,good
543,<0,existing paid,furniture/equipment,really-high,no known savings,male single,adult,skilled,bad
544,>=200,existing paid,furniture/equipment,high,<100,male single,adult,unskilled resident,bad
545,no checking,critical/other existing credit,new car,moderate,<100,male single,elderly,unskilled resident,good
546,<0,delayed previously,new car,moderate,<100,male single,adult,skilled,bad
547,no checking,critical/other existing credit,new car,high,<100,female div/dep/mar,adult,skilled,good
548,no checking,existing paid,radio/tv,moderate,<100,male single,adult,skilled,good
549,<0,all paid,radio/tv,low,<100,female div/dep/mar,young-adult,unskilled resident,bad
550,no checking,critical/other existing credit,used car,really-high,no known savings,male single,adult,skilled,good
551,no checking,critical/other existing credit,repairs,low,no known savings,female div/dep/mar,young-adult,skilled,good
552,no checking,all paid,radio/tv,moderate,500<=X<1000,male single,adult,unskilled resident,good
553,<0,existing paid,radio/tv,really-high,<100,male mar/wid,adult,skilled,bad
554,0<=X<200,critical/other existing credit,new car,moderate,100<=X<500,male single,young-adult,skilled,good
555,0<=X<200,existing paid,education,moderate,<100,female div/dep/mar,elderly,high qualif/self emp/mgmt,good
556,0<=X<200,existing paid,radio/tv,moderate,<100,male single,young-adult,skilled,bad
557,0<=X<200,no credits/all paid,new car,high,100<=X<500,female div/dep/mar,young-adult,skilled,bad
558,no checking,no credits/all paid,new car,really-high,no known savings,female div/dep/mar,young-adult,skilled,bad
559,<0,all paid,furniture/equipment,high,<100,male single,young-adult,skilled,bad
560,0<=X<200,critical/other existing credit,furniture/equipment,moderate,<100,male single,adult,unskilled resident,bad
561,<0,existing paid,used car,high,no known savings,male single,adult,skilled,good
562,<0,all paid,radio/tv,moderate,<100,male single,young-adult,unskilled resident,bad
563,>=200,delayed previously,radio/tv,low,<100,female div/dep/mar,young-adult,skilled,good
564,0<=X<200,existing paid,new car,exceptional,no known savings,male single,adult,skilled,bad
565,0<=X<200,delayed previously,business,high,no known savings,male single,adult,high qualif/self emp/mgmt,good
566,0<=X<200,delayed previously,radio/tv,moderate,100<=X<500,female div/dep/mar,young-adult,skilled,good
567,<0,existing paid,new car,moderate,<100,male div/sep,adult,skilled,bad
568,no checking,critical/other existing credit,radio/tv,high,>=1000,male single,adult,skilled,good
569,0<=X<200,existing paid,radio/tv,high,no known savings,male single,adult,skilled,good
570,<0,existing paid,radio/tv,really-high,<100,female div/dep/mar,adult,skilled,bad
571,<0,existing paid,furniture/equipment,high,<100,female div/dep/mar,young-adult,unskilled resident,bad
572,no checking,critical/other existing credit,radio/tv,really-high,<100,male single,adult,skilled,good
573,no checking,existing paid,used car,really-high,no known savings,female div/dep/mar,young-adult,high qualif/self emp/mgmt,good
574,<0,existing paid,business,low,<100,female div/dep/mar,young-adult,unskilled resident,good
575,0<=X<200,existing paid,radio/tv,moderate,<100,male single,young-adult,unskilled resident,good
576,no checking,critical/other existing credit,furniture/equipment,high,<100,female div/dep/mar,young-adult,skilled,good
577,0<=X<200,existing paid,radio/tv,high,<100,female div/dep/mar,young-adult,skilled,good
578,no checking,critical/other existing credit,education,moderate,no known savings,female div/dep/mar,adult,skilled,good
579,0<=X<200,critical/other existing credit,new car,high,<100,male div/sep,young-adult,skilled,bad
580,no checking,existing paid,retraining,low,<100,male mar/wid,young-adult,unskilled resident,good
581,0<=X<200,critical/other existing credit,new car,moderate,<100,male single,young-adult,skilled,bad
582,0<=X<200,critical/other existing credit,new car,high,<100,male single,adult,unskilled resident,good
583,no checking,existing paid,furniture/equipment,moderate,<100,female div/dep/mar,young-adult,skilled,good
584,0<=X<200,existing paid,repairs,high,<100,male single,adult,unskilled resident,bad
585,no checking,existing paid,new car,high,no known savings,female div/dep/mar,adult,high qualif/self emp/mgmt,good
586,<0,existing paid,furniture/equipment,high,<100,female div/dep/mar,young-adult,skilled,bad
587,<0,critical/other existing credit,new car,high,<100,male single,adult,skilled,good
588,<0,existing paid,furniture/equipment,moderate,<100,male single,young-adult,unskilled resident,good
589,<0,existing paid,domestic appliance,moderate,<100,male mar/wid,adult,unskilled resident,bad
590,<0,critical/other existing credit,furniture/equipment,high,<100,male single,adult,skilled,bad
591,<0,critical/other existing credit,radio/tv,very-low,<100,female div/dep/mar,adult,unskilled resident,good
592,0<=X<200,delayed previously,new car,moderate,no known savings,female div/dep/mar,adult,skilled,good
593,no checking,existing paid,business,moderate,>=1000,female div/dep/mar,adult,unskilled resident,good
594,0<=X<200,existing paid,new car,high,<100,female div/dep/mar,young-adult,unskilled resident,bad
595,<0,all paid,other,moderate,no known savings,male single,adult,high qualif/self emp/mgmt,bad
596,0<=X<200,all paid,new car,low,100<=X<500,female div/dep/mar,adult,unskilled resident,bad
597,<0,existing paid,new car,moderate,<100,female div/dep/mar,young-adult,skilled,bad
598,0<=X<200,no credits/all paid,business,high,<100,male single,adult,unskilled resident,bad
599,no checking,critical/other existing credit,new car,high,<100,male single,adult,skilled,bad
600,no checking,delayed previously,business,high,<100,male single,adult,skilled,good
601,0<=X<200,existing paid,radio/tv,high,<100,female div/dep/mar,adult,skilled,good
602,0<=X<200,existing paid,furniture/equipment,low,<100,female div/dep/mar,young-adult,skilled,bad
603,0<=X<200,all paid,education,moderate,<100,female div/dep/mar,adult,unskilled resident,bad
604,no checking,existing paid,furniture/equipment,high,<100,female div/dep/mar,young-adult,high qualif/self emp/mgmt,bad
605,>=200,existing paid,furniture/equipment,moderate,<100,female div/dep/mar,young-adult,skilled,good
606,<0,all paid,furniture/equipment,high,500<=X<1000,male single,young-adult,skilled,good
607,no checking,critical/other existing credit,business,high,<100,male single,elderly,high qualif/self emp/mgmt,good
608,0<=X<200,existing paid,radio/tv,high,100<=X<500,female div/dep/mar,adult,skilled,bad
609,no checking,existing paid,radio/tv,high,<100,male single,adult,skilled,good
610,no checking,existing paid,used car,moderate,no known savings,male single,adult,skilled,good
611,<0,existing paid,domestic appliance,low,100<=X<500,female div/dep/mar,young-adult,skilled,bad
612,>=200,existing paid,new car,moderate,100<=X<500,female div/dep/mar,adult,unskilled resident,bad
613,<0,existing paid,radio/tv,high,>=1000,female div/dep/mar,young-adult,skilled,good
614,<0,all paid,used car,high,<100,female div/dep/mar,young-adult,skilled,good
615,no checking,delayed previously,furniture/equipment,moderate,<100,female div/dep/mar,young-adult,skilled,bad
616,0<=X<200,no credits/all paid,business,exceptional,no known savings,male single,adult,high qualif/self emp/mgmt,good
617,0<=X<200,delayed previously,radio/tv,really-high,no known savings,male single,young-adult,high qualif/self emp/mgmt,good
618,<0,critical/other existing credit,new car,high,<100,male single,adult,skilled,good
619,0<=X<200,existing paid,furniture/equipment,high,100<=X<500,female div/dep/mar,young-adult,skilled,bad
620,no checking,existing paid,new car,low,<100,male div/sep,adult,unskilled resident,good
621,0<=X<200,critical/other existing credit,business,high,<100,male single,young-adult,skilled,good
622,no checking,critical/other existing credit,new car,moderate,<100,male single,adult,skilled,bad
623,no checking,existing paid,business,high,no known savings,male div/sep,adult,skilled,bad
624,<0,existing paid,furniture/equipment,moderate,<100,female div/dep/mar,young-adult,skilled,good
625,<0,existing paid,radio/tv,high,<100,male single,elderly,skilled,bad
626,no checking,existing paid,radio/tv,exceptional,no known savings,male single,adult,skilled,good
627,>=200,existing paid,furniture/equipment,high,<100,male single,adult,skilled,good
628,0<=X<200,all paid,new car,moderate,100<=X<500,male single,young-adult,skilled,bad
629,no checking,critical/other existing credit,furniture/equipment,high,500<=X<1000,male single,adult,skilled,good
630,no checking,existing paid,education,high,no known savings,male single,elderly,unskilled resident,good
631,<0,existing paid,radio/tv,high,<100,female div/dep/mar,young-adult,skilled,good
632,<0,all paid,furniture/equipment,moderate,<100,male single,adult,skilled,bad
633,0<=X<200,existing paid,radio/tv,moderate,no known savings,male single,young-adult,skilled,good
634,no checking,existing paid,furniture/equipment,moderate,<100,female div/dep/mar,young-adult,skilled,bad
635,0<=X<200,existing paid,new car,moderate,<100,female div/dep/mar,young-adult,unskilled resident,bad
636,no checking,existing paid,education,exceptional,<100,male single,adult,skilled,good
637,no checking,existing paid,radio/tv,moderate,500<=X<1000,female div/dep/mar,young-adult,skilled,good
638,no checking,delayed previously,radio/tv,exceptional,<100,male single,young-adult,skilled,good
639,no checking,existing paid,radio/tv,moderate,<100,female div/dep/mar,adult,skilled,good
640,<0,delayed previously,radio/tv,high,<100,male single,young-adult,skilled,bad
641,<0,existing paid,education,low,<100,female div/dep/mar,young-adult,unemp/unskilled non res,bad
642,0<=X<200,existing paid,repairs,moderate,<100,male single,adult,unskilled resident,good
643,no checking,existing paid,education,high,100<=X<500,male single,adult,high qualif/self emp/mgmt,bad
644,no checking,critical/other existing credit,radio/tv,moderate,<100,male mar/wid,adult,skilled,good
645,<0,critical/other existing credit,radio/tv,moderate,<100,male mar/wid,adult,high qualif/self emp/mgmt,good
646,no checking,delayed previously,business,really-high,no known savings,male single,young-adult,skilled,bad
647,<0,no credits/all paid,furniture/equipment,high,<100,male div/sep,adult,skilled,good
648,no checking,existing paid,new car,moderate,500<=X<1000,female div/dep/mar,young-adult,skilled,bad
649,>=200,existing paid,new car,low,<100,male single,adult,skilled,bad
650,<0,existing paid,education,low,<100,male single,adult,unskilled resident,bad
651,<0,existing paid,education,really-high,<100,male single,adult,high qualif/self emp/mgmt,good
652,0<=X<200,existing paid,furniture/equipment,moderate,<100,male single,adult,unskilled resident,bad
653,<0,existing paid,new car,high,<100,male single,adult,skilled,bad
654,0<=X<200,delayed previously,new car,really-high,100<=X<500,male single,adult,high qualif/self emp/mgmt,bad
655,no checking,critical/other existing credit,used car,high,<100,male single,adult,skilled,good
656,<0,existing paid,new car,high,<100,male single,young-adult,skilled,good
657,0<=X<200,existing paid,new car,low,<100,male single,adult,unskilled resident,bad
658,no checking,existing paid,radio/tv,exceptional,no known savings,male single,adult,skilled,good
659,0<=X<200,no credits/all paid,business,high,<100,female div/dep/mar,young-adult,skilled,good
660,0<=X<200,critical/other existing credit,furniture/equipment,really-high,<100,male single,adult,skilled,good
661,>=200,existing paid,radio/tv,moderate,<100,male mar/wid,young-adult,skilled,good
662,<0,existing paid,new car,low,no known savings,male mar/wid,young-adult,skilled,bad
663,no checking,existing paid,furniture/equipment,high,<100,male single,adult,skilled,good
664,0<=X<200,delayed previously,furniture/equipment,moderate,<100,male single,adult,high qualif/self emp/mgmt,good
665,>=200,critical/other existing credit,education,moderate,<100,female div/dep/mar,adult,unskilled resident,good
666,no checking,critical/other existing credit,other,really-high,<100,male single,young-adult,high qualif/self emp/mgmt,good
667,0<=X<200,all paid,furniture/equipment,high,>=1000,male single,adult,skilled,good
668,no checking,all paid,business,high,<100,female div/dep/mar,young-adult,skilled,good
669,<0,critical/other existing credit,new car,very-low,<100,male single,adult,skilled,bad
670,>=200,critical/other existing credit,radio/tv,high,<100,male single,adult,skilled,good
671,no checking,critical/other existing credit,business,high,100<=X<500,male single,young-adult,unskilled resident,good
672,no checking,existing paid,business,really-high,100<=X<500,male single,adult,skilled,good
673,no checking,existing paid,new car,exceptional,<100,male single,adult,high qualif/self emp/mgmt,good
674,no checking,critical/other existing credit,new car,high,500<=X<1000,male mar/wid,young-adult,skilled,good
675,no checking,delayed previously,business,high,500<=X<1000,male single,adult,unskilled resident,bad
676,no checking,critical/other existing credit,radio/tv,high,<100,female div/dep/mar,young-adult,high qualif/self emp/mgmt,good
677,no checking,critical/other existing credit,furniture/equipment,really-high,<100,male single,adult,skilled,good
678,0<=X<200,existing paid,radio/tv,really-high,100<=X<500,male mar/wid,young-adult,skilled,bad
679,<0,existing paid,radio/tv,high,<100,male single,elderly,unskilled resident,good
680,no checking,existing paid,radio/tv,moderate,<100,female div/dep/mar,young-adult,skilled,good
681,no checking,existing paid,education,moderate,<100,female div/dep/mar,adult,skilled,good
682,no checking,existing paid,radio/tv,high,no known savings,male single,adult,skilled,good
683,no checking,delayed previously,radio/tv,moderate,<100,male mar/wid,adult,skilled,good
684,no checking,critical/other existing credit,radio/tv,really-high,<100,male mar/wid,adult,skilled,good
685,0<=X<200,delayed previously,business,really-high,100<=X<500,male single,adult,unskilled resident,good
686,no checking,existing paid,new car,really-high,no known savings,male single,adult,skilled,good
687,>=200,critical/other existing credit,radio/tv,moderate,no known savings,male single,young-adult,skilled,good
688,0<=X<200,delayed previously,new car,very-low,100<=X<500,male single,young-adult,skilled,good
689,no checking,existing paid,radio/tv,high,100<=X<500,male single,adult,skilled,good
690,<0,existing paid,new car,high,>=1000,male single,adult,skilled,good
691,<0,critical/other existing credit,furniture/equipment,low,<100,male div/sep,young-adult,skilled,good
692,0<=X<200,existing paid,repairs,high,100<=X<500,female div/dep/mar,young-adult,unskilled resident,good
693,0<=X<200,existing paid,radio/tv,high,100<=X<500,male single,young-adult,skilled,good
694,<0,critical/other existing credit,new car,high,no known savings,male single,adult,unskilled resident,good
695,no checking,existing paid,radio/tv,high,<100,male single,young-adult,skilled,good
696,no checking,existing paid,used car,moderate,500<=X<1000,male single,adult,skilled,good
697,0<=X<200,existing paid,radio/tv,moderate,<100,male single,young-adult,skilled,good
698,no checking,critical/other existing credit,new car,low,<100,female div/dep/mar,adult,unemp/unskilled non res,good
699,no checking,critical/other existing credit,radio/tv,moderate,<100,male single,young-adult,skilled,good
700,>=200,existing paid,education,moderate,<100,male single,adult,high qualif/self emp/mgmt,good
701,no checking,existing paid,furniture/equipment,moderate,500<=X<1000,female div/dep/mar,young-adult,unskilled resident,bad
702,<0,critical/other existing credit,used car,really-high,<100,male single,adult,skilled,bad
703,>=200,existing paid,radio/tv,moderate,100<=X<500,female div/dep/mar,adult,skilled,good
704,0<=X<200,delayed previously,business,high,100<=X<500,male single,adult,skilled,good
705,0<=X<200,existing paid,business,high,<100,female div/dep/mar,adult,skilled,good
706,no checking,existing paid,new car,really-high,500<=X<1000,female div/dep/mar,adult,skilled,good
707,0<=X<200,existing paid,new car,really-high,100<=X<500,male single,young-adult,skilled,bad
708,0<=X<200,no credits/all paid,furniture/equipment,high,<100,female div/dep/mar,young-adult,skilled,bad
709,0<=X<200,existing paid,radio/tv,moderate,<100,female div/dep/mar,young-adult,skilled,good
710,0<=X<200,existing paid,radio/tv,high,<100,male single,adult,unskilled resident,good
711,no checking,critical/other existing credit,radio/tv,low,500<=X<1000,male single,adult,high qualif/self emp/mgmt,good
712,<0,all paid,education,moderate,<100,female div/dep/mar,adult,skilled,bad
713,no checking,existing paid,used car,high,no known savings,male single,adult,high qualif/self emp/mgmt,good
714,<0,critical/other existing credit,radio/tv,moderate,<100,male single,young-adult,unskilled resident,good
715,0<=X<200,existing paid,new car,exceptional,<100,male single,young-adult,high qualif/self emp/mgmt,bad
716,no checking,critical/other existing credit,used car,really-high,no known savings,male single,elderly,skilled,good
717,no checking,critical/other existing credit,radio/tv,high,no known savings,male single,adult,skilled,good
718,no checking,existing paid,radio/tv,moderate,<100,male single,adult,high qualif/self emp/mgmt,good
719,>=200,critical/other existing credit,radio/tv,high,no known savings,male single,adult,skilled,good
720,0<=X<200,no credits/all paid,used car,really-high,100<=X<500,male mar/wid,adult,skilled,good
721,>=200,no credits/all paid,radio/tv,moderate,<100,male single,adult,high qualif/self emp/mgmt,bad
722,0<=X<200,all paid,education,very-low,>=1000,female div/dep/mar,young-adult,skilled,bad
723,<0,existing paid,new car,moderate,<100,female div/dep/mar,young-adult,unskilled resident,bad
724,0<=X<200,existing paid,radio/tv,low,500<=X<1000,female div/dep/mar,elderly,unskilled resident,good
725,no checking,existing paid,new car,high,<100,female div/dep/mar,young-adult,skilled,bad
726,no checking,critical/other existing credit,new car,very-low,>=1000,female div/dep/mar,adult,unskilled resident,good
727,no checking,critical/other existing credit,radio/tv,moderate,500<=X<1000,male mar/wid,adult,unskilled resident,good
728,<0,existing paid,radio/tv,moderate,<100,female div/dep/mar,young-adult,skilled,bad
729,0<=X<200,all paid,business,really-high,<100,female div/dep/mar,adult,skilled,bad
730,>=200,critical/other existing credit,business,moderate,>=1000,male div/sep,adult,skilled,good
731,0<=X<200,delayed previously,radio/tv,really-high,<100,male single,adult,skilled,good
732,<0,existing paid,radio/tv,moderate,<100,male single,young-adult,unskilled resident,bad
733,0<=X<200,existing paid,radio/tv,low,<100,female div/dep/mar,adult,unskilled resident,good
734,no checking,existing paid,used car,high,>=1000,female div/dep/mar,young-adult,skilled,good
735,no checking,critical/other existing credit,new car,high,<100,female div/dep/mar,adult,skilled,good
736,0<=X<200,all paid,domestic appliance,high,no known savings,female div/dep/mar,young-adult,unemp/unskilled non res,good
737,0<=X<200,existing paid,used car,exceptional,<100,female div/dep/mar,young-adult,high qualif/self emp/mgmt,bad
738,<0,existing paid,new car,high,100<=X<500,male single,adult,unskilled resident,good
739,no checking,critical/other existing credit,new car,really-high,<100,male single,adult,high qualif/self emp/mgmt,good
740,0<=X<200,no credits/all paid,business,high,100<=X<500,female div/dep/mar,young-adult,unskilled resident,bad
741,<0,all paid,new car,high,100<=X<500,male single,adult,skilled,good
742,0<=X<200,all paid,radio/tv,moderate,<100,male single,young-adult,unskilled resident,good
743,no checking,existing paid,radio/tv,high,no known savings,male single,adult,skilled,good
744,<0,all paid,furniture/equipment,exceptional,500<=X<1000,male single,young-adult,skilled,good
745,<0,critical/other existing credit,furniture/equipment,exceptional,no known savings,male single,young-adult,high qualif/self emp/mgmt,good
746,<0,critical/other existing credit,business,moderate,<100,male single,young-adult,unskilled resident,good
747,<0,existing paid,new car,high,<100,female div/dep/mar,young-adult,skilled,good
748,<0,existing paid,new car,moderate,<100,female div/dep/mar,adult,unskilled resident,bad
749,no checking,existing paid,used car,really-high,no known savings,male single,young-adult,skilled,good
750,no checking,existing paid,used car,high,<100,male single,adult,skilled,good
751,<0,existing paid,furniture/equipment,very-low,<100,female div/dep/mar,adult,skilled,good
752,<0,existing paid,new car,low,<100,female div/dep/mar,young-adult,unskilled resident,bad
753,0<=X<200,existing paid,business,low,100<=X<500,female div/dep/mar,young-adult,unskilled resident,good
754,no checking,critical/other existing credit,radio/tv,really-high,<100,female div/dep/mar,young-adult,skilled,good
755,no checking,delayed previously,repairs,moderate,>=1000,male single,adult,skilled,bad
756,<0,existing paid,new car,moderate,no known savings,female div/dep/mar,adult,skilled,bad
757,>=200,critical/other existing credit,new car,moderate,<100,male single,elderly,unemp/unskilled non res,good
758,>=200,critical/other existing credit,radio/tv,moderate,no known savings,male single,adult,skilled,bad
759,no checking,existing paid,new car,moderate,<100,male single,adult,skilled,good
760,<0,critical/other existing credit,new car,low,<100,male single,adult,skilled,bad
761,no checking,critical/other existing credit,new car,really-high,no known savings,female div/dep/mar,adult,skilled,good
762,<0,critical/other existing credit,furniture/equipment,high,<100,female div/dep/mar,young-adult,skilled,bad
763,<0,existing paid,radio/tv,high,<100,male single,young-adult,unskilled resident,good
764,no checking,critical/other existing credit,new car,exceptional,no known savings,male single,young-adult,high qualif/self emp/mgmt,bad
765,no checking,critical/other existing credit,new car,high,100<=X<500,male mar/wid,young-adult,skilled,good
766,0<=X<200,existing paid,radio/tv,moderate,<100,male mar/wid,adult,unskilled resident,good
767,<0,existing paid,furniture/equipment,high,<100,male div/sep,adult,unskilled resident,bad
768,no checking,existing paid,used car,high,no known savings,female div/dep/mar,adult,skilled,good
769,0<=X<200,critical/other existing credit,furniture/equipment,high,<100,male single,young-adult,skilled,good
770,no checking,critical/other existing credit,radio/tv,moderate,<100,male single,elderly,unskilled resident,good
771,<0,existing paid,used car,high,no known savings,female div/dep/mar,young-adult,skilled,good
772,<0,critical/other existing credit,education,really-high,<100,female div/dep/mar,young-adult,high qualif/self emp/mgmt,bad
773,no checking,critical/other existing credit,used car,high,<100,male single,adult,high qualif/self emp/mgmt,good
774,no checking,critical/other existing credit,radio/tv,high,100<=X<500,male single,adult,skilled,good
775,>=200,critical/other existing credit,new car,moderate,500<=X<1000,male single,elderly,unemp/unskilled non res,good
776,<0,existing paid,new car,moderate,no known savings,female div/dep/mar,young-adult,skilled,bad
777,no checking,critical/other existing credit,new car,high,<100,male single,adult,skilled,good
778,<0,existing paid,radio/tv,high,<100,female div/dep/mar,young-adult,skilled,good
779,no checking,critical/other existing credit,used car,really-high,>=1000,male single,adult,high qualif/self emp/mgmt,good
780,0<=X<200,existing paid,repairs,high,<100,female div/dep/mar,elderly,skilled,good
781,0<=X<200,critical/other existing credit,radio/tv,high,<100,male single,young-adult,skilled,bad
782,no checking,critical/other existing credit,new car,moderate,>=1000,male single,adult,skilled,good
783,0<=X<200,no credits/all paid,retraining,moderate,<100,male single,adult,unskilled resident,good
784,0<=X<200,existing paid,new car,low,100<=X<500,female div/dep/mar,young-adult,unskilled resident,bad
785,0<=X<200,existing paid,used car,really-high,no known savings,male div/sep,adult,high qualif/self emp/mgmt,good
786,0<=X<200,existing paid,business,moderate,>=1000,male single,adult,unskilled resident,good
787,no checking,existing paid,radio/tv,high,500<=X<1000,male single,adult,skilled,good
788,no checking,critical/other existing credit,used car,high,no known savings,male single,adult,skilled,good
789,0<=X<200,delayed previously,education,exceptional,<100,male single,adult,skilled,bad
790,<0,critical/other existing credit,education,really-high,<100,male single,young-adult,skilled,bad
791,0<=X<200,existing paid,business,moderate,<100,female div/dep/mar,adult,skilled,bad
792,no checking,existing paid,used car,really-high,no known savings,male single,adult,high qualif/self emp/mgmt,good
793,no checking,critical/other existing credit,furniture/equipment,moderate,no known savings,male mar/wid,young-adult,skilled,good
794,>=200,existing paid,furniture/equipment,high,<100,male div/sep,adult,skilled,good
795,no checking,existing paid,furniture/equipment,high,500<=X<1000,male single,adult,skilled,good
796,no checking,existing paid,furniture/equipment,high,100<=X<500,female div/dep/mar,young-adult,skilled,good
797,<0,existing paid,used car,really-high,no known savings,male single,adult,skilled,bad
798,no checking,critical/other existing credit,furniture/equipment,moderate,<100,female div/dep/mar,young-adult,unskilled resident,good
799,no checking,delayed previously,new car,low,no known savings,male mar/wid,adult,skilled,good
800,0<=X<200,existing paid,new car,moderate,no known savings,male single,adult,unemp/unskilled non res,good
801,no checking,critical/other existing credit,education,moderate,<100,male single,adult,skilled,good
802,0<=X<200,critical/other existing credit,radio/tv,moderate,<100,female div/dep/mar,adult,unskilled resident,good
803,<0,critical/other existing credit,furniture/equipment,high,<100,female div/dep/mar,young-adult,skilled,good
804,no checking,critical/other existing credit,radio/tv,low,no known savings,male single,adult,skilled,good
805,0<=X<200,existing paid,new car,really-high,no known savings,female div/dep/mar,young-adult,unemp/unskilled non res,good
806,<0,existing paid,new car,really-high,<100,male single,young-adult,skilled,bad
807,0<=X<200,existing paid,radio/tv,low,<100,male mar/wid,young-adult,unskilled resident,good
808,no checking,critical/other existing credit,radio/tv,low,no known savings,male single,elderly,skilled,good
809,0<=X<200,all paid,used car,really-high,<100,male single,adult,high qualif/self emp/mgmt,good
810,0<=X<200,no credits/all paid,new car,moderate,<100,female div/dep/mar,young-adult,unemp/unskilled non res,bad
811,0<=X<200,existing paid,business,low,<100,male mar/wid,young-adult,skilled,good
812,0<=X<200,existing paid,radio/tv,very-low,<100,male mar/wid,young-adult,unskilled resident,good
813,<0,critical/other existing credit,used car,really-high,<100,male single,young-adult,skilled,bad
814,<0,existing paid,domestic appliance,high,<100,male single,adult,skilled,bad
815,<0,existing paid,new car,high,<100,male single,adult,skilled,bad
816,0<=X<200,delayed previously,new car,really-high,<100,female div/dep/mar,adult,skilled,good
817,no checking,existing paid,domestic appliance,moderate,500<=X<1000,male div/sep,elderly,skilled,good
818,no checking,critical/other existing credit,radio/tv,moderate,<100,female div/dep/mar,young-adult,skilled,good
819,<0,existing paid,other,exceptional,<100,male div/sep,adult,high qualif/self emp/mgmt,good
820,<0,existing paid,radio/tv,moderate,<100,male mar/wid,young-adult,skilled,bad
821,no checking,existing paid,new car,moderate,<100,male mar/wid,young-adult,skilled,good
822,>=200,existing paid,radio/tv,high,<100,male mar/wid,young-adult,skilled,good
823,<0,existing paid,furniture/equipment,high,<100,male single,adult,skilled,bad
824,<0,critical/other existing credit,new car,low,<100,male single,adult,unskilled resident,good
825,no checking,critical/other existing credit,furniture/equipment,high,<100,male div/sep,adult,high qualif/self emp/mgmt,good
826,<0,critical/other existing credit,new car,moderate,<100,male mar/wid,young-adult,skilled,good
827,<0,critical/other existing credit,new car,high,<100,female div/dep/mar,adult,skilled,bad
828,no checking,no credits/all paid,business,high,<100,male single,adult,skilled,bad
829,<0,existing paid,used car,really-high,no known savings,male single,adult,skilled,bad
830,0<=X<200,delayed previously,business,really-high,no known savings,male single,adult,skilled,good
831,no checking,delayed previously,business,high,500<=X<1000,male single,adult,skilled,good
832,<0,existing paid,new car,moderate,<100,female div/dep/mar,young-adult,skilled,bad
833,<0,no credits/all paid,business,exceptional,<100,male single,young-adult,skilled,bad
834,0<=X<200,existing paid,radio/tv,really-high,no known savings,female div/dep/mar,adult,skilled,good
835,>=200,existing paid,radio/tv,high,<100,female div/dep/mar,young-adult,unskilled resident,bad
836,<0,no credits/all paid,new car,moderate,<100,male single,adult,skilled,bad
837,no checking,existing paid,radio/tv,low,no known savings,female div/dep/mar,young-adult,skilled,good
838,no checking,existing paid,furniture/equipment,low,<100,female div/dep/mar,young-adult,unskilled resident,good
839,<0,critical/other existing credit,used car,high,<100,male single,elderly,skilled,good
840,no checking,critical/other existing credit,radio/tv,high,<100,male mar/wid,adult,skilled,good
841,<0,existing paid,furniture/equipment,really-high,<100,male single,young-adult,skilled,bad
842,no checking,delayed previously,used car,high,<100,male single,young-adult,unskilled resident,good
843,no checking,existing paid,repairs,moderate,<100,female div/dep/mar,young-adult,skilled,bad
844,no checking,all paid,business,moderate,<100,male single,adult,skilled,good
845,no checking,existing paid,furniture/equipment,high,<100,male single,adult,skilled,good
846,0<=X<200,existing paid,furniture/equipment,high,no known savings,male single,adult,skilled,good
847,no checking,existing paid,new car,really-high,no known savings,male single,elderly,skilled,bad
848,no checking,existing paid,new car,moderate,<100,male mar/wid,young-adult,skilled,good
849,<0,existing paid,radio/tv,moderate,<100,male single,adult,skilled,good
850,<0,existing paid,radio/tv,low,<100,male single,adult,unskilled resident,bad
851,<0,critical/other existing credit,new car,high,<100,male mar/wid,adult,skilled,bad
852,no checking,critical/other existing credit,used car,high,no known savings,male single,adult,skilled,good
853,no checking,critical/other existing credit,radio/tv,moderate,<100,male single,adult,skilled,good
854,<0,all paid,new car,moderate,<100,male single,adult,unskilled resident,bad
855,no checking,delayed previously,new car,exceptional,<100,male single,adult,skilled,good
856,no checking,existing paid,new car,moderate,100<=X<500,male mar/wid,adult,skilled,good
857,no checking,existing paid,retraining,low,no known savings,female div/dep/mar,adult,skilled,good
858,no checking,critical/other existing credit,furniture/equipment,high,<100,male single,young-adult,skilled,good
859,<0,existing paid,new car,high,<100,female div/dep/mar,young-adult,skilled,bad
860,no checking,existing paid,new car,high,100<=X<500,male single,young-adult,skilled,good
861,no checking,critical/other existing credit,used car,really-high,>=1000,male single,young-adult,skilled,good
862,no checking,delayed previously,business,high,<100,male mar/wid,young-adult,skilled,bad
863,<0,existing paid,radio/tv,high,<100,female div/dep/mar,adult,skilled,bad
864,no checking,critical/other existing credit,furniture/equipment,high,>=1000,male single,adult,unskilled resident,good
865,no checking,existing paid,furniture/equipment,high,<100,male single,young-adult,unskilled resident,bad
866,no checking,existing paid,furniture/equipment,high,500<=X<1000,female div/dep/mar,young-adult,skilled,good
867,<0,existing paid,radio/tv,high,<100,female div/dep/mar,young-adult,skilled,good
868,no checking,critical/other existing credit,furniture/equipment,high,<100,male single,adult,skilled,good
869,no checking,existing paid,business,really-high,no known savings,male single,adult,skilled,good
870,<0,existing paid,furniture/equipment,low,<100,female div/dep/mar,young-adult,skilled,good
871,no checking,delayed previously,furniture/equipment,really-high,500<=X<1000,female div/dep/mar,adult,skilled,good
872,>=200,critical/other existing credit,new car,moderate,<100,male single,adult,skilled,good
873,<0,critical/other existing credit,business,moderate,100<=X<500,male single,young-adult,skilled,good
874,no checking,existing paid,domestic appliance,low,no known savings,female div/dep/mar,young-adult,skilled,good
875,<0,existing paid,furniture/equipment,high,<100,male single,young-adult,unskilled resident,good
876,0<=X<200,critical/other existing credit,new car,moderate,>=1000,female div/dep/mar,adult,skilled,good
877,<0,all paid,radio/tv,moderate,<100,male single,adult,high qualif/self emp/mgmt,good
878,no checking,existing paid,radio/tv,high,<100,male single,young-adult,skilled,good
879,<0,existing paid,new car,moderate,<100,male single,young-adult,high qualif/self emp/mgmt,bad
880,no checking,critical/other existing credit,radio/tv,really-high,no known savings,male single,adult,skilled,good
881,no checking,existing paid,used car,really-high,<100,male single,adult,high qualif/self emp/mgmt,good
882,no checking,existing paid,used car,really-high,no known savings,male div/sep,adult,skilled,good
883,0<=X<200,critical/other existing credit,new car,high,no known savings,male single,adult,skilled,good
884,no checking,critical/other existing credit,radio/tv,moderate,<100,female div/dep/mar,elderly,unemp/unskilled non res,good
885,0<=X<200,existing paid,furniture/equipment,high,<100,male div/sep,adult,skilled,bad
886,<0,existing paid,education,really-high,<100,female div/dep/mar,adult,skilled,bad
887,0<=X<200,critical/other existing credit,business,high,no known savings,male single,adult,skilled,good
888,0<=X<200,existing paid,business,exceptional,<100,male single,young-adult,skilled,bad
889,no checking,critical/other existing credit,new car,really-high,<100,male single,adult,high qualif/self emp/mgmt,good
890,no checking,all paid,used car,really-high,no known savings,male single,adult,skilled,good
891,<0,critical/other existing credit,business,high,<100,male single,adult,high qualif/self emp/mgmt,good
892,no checking,critical/other existing credit,radio/tv,moderate,<100,male single,adult,skilled,good
893,<0,critical/other existing credit,new car,high,<100,male single,adult,unskilled resident,good
894,0<=X<200,critical/other existing credit,used car,really-high,<100,male single,adult,skilled,good
895,no checking,critical/other existing credit,radio/tv,moderate,no known savings,male single,young-adult,skilled,good
896,no checking,delayed previously,used car,exceptional,no known savings,male single,adult,high qualif/self emp/mgmt,good
897,<0,existing paid,radio/tv,high,<100,female div/dep/mar,young-adult,high qualif/self emp/mgmt,good
898,no checking,critical/other existing credit,furniture/equipment,moderate,>=1000,female div/dep/mar,adult,skilled,good
899,no checking,existing paid,furniture/equipment,high,no known savings,female div/dep/mar,adult,unskilled resident,good
900,<0,existing paid,furniture/equipment,high,<100,male single,adult,skilled,bad
901,<0,critical/other existing credit,new car,high,<100,male single,adult,skilled,bad
902,no checking,critical/other existing credit,new car,high,no known savings,male div/sep,adult,skilled,good
903,no checking,critical/other existing credit,used car,exceptional,no known savings,male single,adult,skilled,good
904,no checking,existing paid,radio/tv,moderate,no known savings,male mar/wid,adult,skilled,good
905,no checking,existing paid,radio/tv,moderate,<100,male single,adult,high qualif/self emp/mgmt,good
906,<0,existing paid,radio/tv,moderate,<100,male single,young-adult,high qualif/self emp/mgmt,good
907,<0,existing paid,new car,high,no known savings,male single,young-adult,unskilled resident,good
908,0<=X<200,existing paid,education,high,no known savings,male mar/wid,young-adult,skilled,good
909,no checking,delayed previously,used car,high,<100,female div/dep/mar,adult,unskilled resident,good
910,0<=X<200,existing paid,new car,high,no known savings,female div/dep/mar,adult,unskilled resident,good
911,no checking,delayed previously,radio/tv,high,<100,female div/dep/mar,adult,skilled,good
912,0<=X<200,critical/other existing credit,furniture/equipment,high,<100,female div/dep/mar,young-adult,unskilled resident,bad
913,0<=X<200,existing paid,radio/tv,high,no known savings,female div/dep/mar,young-adult,skilled,good
914,no checking,existing paid,business,high,>=1000,male div/sep,young-adult,skilled,good
915,<0,all paid,business,high,<100,male single,adult,skilled,bad
916,0<=X<200,no credits/all paid,other,exceptional,<100,female div/dep/mar,adult,high qualif/self emp/mgmt,bad
917,no checking,existing paid,used car,high,100<=X<500,male single,adult,skilled,good
918,<0,existing paid,new car,exceptional,<100,male single,elderly,high qualif/self emp/mgmt,bad
919,<0,existing paid,furniture/equipment,high,100<=X<500,male div/sep,adult,skilled,bad
920,<0,existing paid,furniture/equipment,high,<100,male single,adult,high qualif/self emp/mgmt,bad
921,no checking,critical/other existing credit,furniture/equipment,moderate,<100,female div/dep/mar,young-adult,skilled,good
922,no checking,delayed previously,radio/tv,exceptional,500<=X<1000,male single,adult,high qualif/self emp/mgmt,good
923,<0,existing paid,radio/tv,moderate,<100,female div/dep/mar,young-adult,skilled,bad
924,0<=X<200,existing paid,new car,high,<100,male single,young-adult,skilled,good
925,<0,all paid,furniture/equipment,really-high,<100,male div/sep,adult,skilled,bad
926,<0,all paid,new car,low,<100,male single,adult,skilled,bad
927,<0,critical/other existing credit,furniture/equipment,moderate,<100,female div/dep/mar,young-adult,skilled,good
928,<0,existing paid,used car,exceptional,<100,male single,adult,skilled,bad
929,no checking,existing paid,radio/tv,moderate,no known savings,male single,adult,skilled,good
930,<0,delayed previously,new car,moderate,<100,male single,adult,unskilled resident,good
931,<0,existing paid,furniture/equipment,moderate,<100,male single,young-adult,unskilled resident,good
932,0<=X<200,existing paid,radio/tv,moderate,<100,female div/dep/mar,young-adult,skilled,bad
933,no checking,critical/other existing credit,new car,moderate,<100,male single,young-adult,skilled,good
934,no checking,critical/other existing credit,radio/tv,low,500<=X<1000,male single,adult,skilled,good
935,<0,existing paid,radio/tv,moderate,<100,female div/dep/mar,young-adult,skilled,good
936,0<=X<200,delayed previously,radio/tv,moderate,100<=X<500,male single,young-adult,high qualif/self emp/mgmt,bad
937,>=200,existing paid,radio/tv,low,<100,female div/dep/mar,young-adult,unskilled resident,bad
938,0<=X<200,existing paid,radio/tv,high,<100,male mar/wid,young-adult,high qualif/self emp/mgmt,good
939,0<=X<200,existing paid,education,really-high,<100,male single,adult,skilled,bad
940,no checking,critical/other existing credit,used car,really-high,no known savings,male single,adult,high qualif/self emp/mgmt,good
941,no checking,existing paid,new car,high,no known savings,male single,adult,high qualif/self emp/mgmt,good
942,no checking,existing paid,new car,moderate,<100,male single,adult,unskilled resident,good
943,no checking,existing paid,furniture/equipment,low,no known savings,male single,adult,skilled,good
944,no checking,critical/other existing credit,new car,moderate,<100,male single,adult,unskilled resident,good
945,<0,existing paid,furniture/equipment,moderate,<100,female div/dep/mar,adult,skilled,good
946,0<=X<200,no credits/all paid,new car,really-high,500<=X<1000,female div/dep/mar,young-adult,skilled,good
947,<0,all paid,furniture/equipment,high,500<=X<1000,male single,young-adult,skilled,bad
948,no checking,existing paid,new car,high,no known savings,male single,adult,high qualif/self emp/mgmt,good
949,no checking,existing paid,furniture/equipment,moderate,<100,male mar/wid,adult,unskilled resident,bad
950,no checking,existing paid,radio/tv,high,100<=X<500,male single,adult,skilled,bad
951,0<=X<200,critical/other existing credit,business,high,<100,male mar/wid,adult,unemp/unskilled non res,good
952,<0,delayed previously,business,high,<100,male single,young-adult,skilled,bad
953,0<=X<200,existing paid,used car,high,500<=X<1000,female div/dep/mar,young-adult,skilled,bad
954,no checking,existing paid,furniture/equipment,exceptional,<100,female div/dep/mar,young-adult,high qualif/self emp/mgmt,bad
955,<0,existing paid,new car,moderate,<100,female div/dep/mar,young-adult,skilled,good
956,<0,critical/other existing credit,radio/tv,moderate,>=1000,female div/dep/mar,adult,high qualif/self emp/mgmt,good
957,>=200,critical/other existing credit,radio/tv,high,no known savings,male single,adult,unskilled resident,good
958,0<=X<200,critical/other existing credit,radio/tv,moderate,<100,male single,adult,unskilled resident,good
959,<0,existing paid,new car,high,<100,male single,adult,unskilled resident,bad
960,0<=X<200,existing paid,furniture/equipment,high,100<=X<500,male single,young-adult,skilled,good
961,no checking,critical/other existing credit,radio/tv,moderate,<100,male mar/wid,young-adult,skilled,good
962,0<=X<200,delayed previously,new car,high,<100,male div/sep,adult,skilled,good
963,no checking,existing paid,new car,high,no known savings,male single,young-adult,skilled,good
964,no checking,existing paid,radio/tv,high,500<=X<1000,male single,adult,skilled,bad
965,0<=X<200,existing paid,repairs,very-low,<100,male mar/wid,young-adult,unskilled resident,good
966,0<=X<200,existing paid,radio/tv,moderate,no known savings,female div/dep/mar,young-adult,skilled,good
967,0<=X<200,critical/other existing credit,radio/tv,high,500<=X<1000,male single,young-adult,unskilled resident,bad
968,no checking,existing paid,radio/tv,high,<100,female div/dep/mar,adult,high qualif/self emp/mgmt,good
969,no checking,existing paid,radio/tv,really-high,no known savings,male mar/wid,young-adult,skilled,good
970,<0,critical/other existing credit,new car,high,<100,male single,adult,unskilled resident,good
971,0<=X<200,existing paid,repairs,moderate,100<=X<500,male single,young-adult,skilled,good
972,no checking,existing paid,new car,really-high,<100,male single,adult,unskilled resident,good
973,<0,all paid,new car,moderate,<100,female div/dep/mar,young-adult,unemp/unskilled non res,bad
974,<0,existing paid,business,really-high,<100,male single,adult,skilled,bad
975,no checking,critical/other existing credit,radio/tv,high,<100,female div/dep/mar,adult,skilled,good
976,>=200,existing paid,radio/tv,moderate,500<=X<1000,female div/dep/mar,adult,unskilled resident,good
977,0<=X<200,existing paid,radio/tv,low,<100,female div/dep/mar,elderly,skilled,good
978,0<=X<200,delayed previously,business,high,no known savings,male single,adult,skilled,good
979,no checking,delayed previously,new car,high,<100,male single,adult,unskilled resident,bad
980,0<=X<200,all paid,new car,moderate,100<=X<500,male mar/wid,young-adult,skilled,bad
981,0<=X<200,critical/other existing credit,furniture/equipment,really-high,<100,male single,adult,skilled,bad
982,no checking,existing paid,business,high,<100,male single,adult,high qualif/self emp/mgmt,bad
983,>=200,existing paid,new car,high,100<=X<500,female div/dep/mar,young-adult,high qualif/self emp/mgmt,good
984,<0,existing paid,used car,really-high,<100,male single,young-adult,skilled,bad
985,no checking,critical/other existing credit,furniture/equipment,high,<100,male single,young-adult,unskilled resident,good
986,<0,critical/other existing credit,furniture/equipment,moderate,<100,female div/dep/mar,young-adult,skilled,good
987,>=200,no credits/all paid,business,really-high,<100,male div/sep,adult,skilled,good
988,no checking,existing paid,radio/tv,moderate,100<=X<500,female div/dep/mar,elderly,skilled,good
989,<0,existing paid,used car,really-high,<100,male single,young-adult,high qualif/self emp/mgmt,good
990,0<=X<200,critical/other existing credit,radio/tv,moderate,<100,male single,adult,unskilled resident,good
991,no checking,critical/other existing credit,education,high,no known savings,male single,adult,unskilled resident,good
992,no checking,all paid,radio/tv,moderate,100<=X<500,male single,adult,unskilled resident,good
993,<0,existing paid,radio/tv,moderate,no known savings,male mar/wid,young-adult,unskilled resident,good
994,<0,existing paid,furniture/equipment,high,<100,male single,young-adult,high qualif/self emp/mgmt,good
995,no checking,existing paid,new car,high,no known savings,male single,adult,skilled,good
996,no checking,existing paid,furniture/equipment,moderate,<100,female div/dep/mar,adult,unskilled resident,good
997,<0,existing paid,used car,high,<100,male div/sep,adult,high qualif/self emp/mgmt,good
998,no checking,existing paid,radio/tv,low,<100,male single,adult,skilled,good
999,<0,existing paid,radio/tv,moderate,<100,male single,young-adult,skilled,bad
1000,0<=X<200,critical/other existing credit,used car,high,100<=X<500,male single,young-adult,skilled,good
